title,director,cast,country,date_added,release_year,duration
"Game Over, Man!",Kyle Newacheck,"Adam DeVine, Anders Holm, Blake Anderson, Utkarsh Ambudkar, Aya Cash, Neal McDonough, Daniel Stern, Jamie Demetriou, Rhona Mitra, Sam Richardson, Steve Howey, Mac Brandt, Geno Segers, Roe Hartrampf",United States,"March 23, 2018",2018,102 min
Arsenio Hall: Smart & Classy,Brian Volk-Weiss,Arsenio Hall,United States,"October 29, 2019",2019,63 min
Kazoops!,,"Reece Pockney, Scott Langley, Alex Babic, Gemma Harvey, Jessica Hann, Emma Tate",Australia,"May 5, 2017",2017,3 Seasons
We Are the Champions,,,United States,"November 17, 2020",2020,1 Season
"Pablo Escobar, el patrón del mal",,"Andrés Parra, Angie Cepeda, Cecilia Navia, Vicky Hernández, Christian Tappan, Rodolfo Silva, Tommy Vásquez, Toto Vega, Nicolás Montero, Marcela Gallego",Colombia,"February 3, 2021",2012,1 Season
Saint Seiya: The Lost Canvas,,"Tetsuya Kakihara, Hiro Shimono, Aya Hirano, Atsushi Abe, Sanae Kobayashi, Kenta Miyake, Tomohiro Tsuboi, Nana Mizuki, Shigeru Chiba",Japan,"May 15, 2018",2009,1 Season
Fauda,,"Lior Raz, Hisham Suliman, Shadi Mar'i, Laëtitia Eïdo, Tsahi Halevi, Yuval Segal, Neta Garty, Tomer Kapon, Itzik Cohen, Rona-Lee Shim'on, Boaz Konforty, Doron Ben-David",Israel,"April 16, 2020",2020,3 Seasons
The Cook of Castamar,,"Michelle Jenner, Roberto Enríquez, Hugo Silva, Maxi Iglesias, María Hervás, Agnès Llobet, Paula Usero, Jean Cruz, Óscar Rabadán, Fiorella Faltoyano, Nancho Novo, Silvia Abascal, Mónica López",,"July 9, 2021",2021,1 Season
The App That Stole Christmas,Monica Floyd,"Jackie Long, Diane Marie Howard, Jaylin Hall, Miguel A. Núñez Jr., Ray J, JayQ The Legend, J. Anthony Brown, Kenny Rhodes, Amber Cosich",United States,"November 20, 2020",2020,64 min
Mute,Duncan Jones,"Alexander Skarsgård, Paul Rudd, Justin Theroux","United Kingdom, Germany","February 23, 2018",2018,127 min
"Drugs, Inc.",,Mike Secher,United States,"March 23, 2019",2015,1 Season
Den of Thieves,Christian Gudegast,"Gerard Butler, Pablo Schreiber, O'Shea Jackson Jr., 50 Cent, Meadow Williams, Maurice Compte, Brian Van Holt, Evan Jones, Mo McRae, Kaiwi Lyman",United States,"May 1, 2020",2018,140 min
The President's Barber,Chan-sang Lim,"Kang-ho Song, So-ri Moon, Jae-eung Lee, Yeong-jin Jo, Byung-ho Son, Yong-soo park, Seung-soo Ryu, Ju-sang Yun, Gyu-su Jeong, Dal-su Oh",South Korea,"October 1, 2017",2004,116 min
The Dirt,Jeff Tremaine,"Douglas Booth, Iwan Rheon, Colson Baker, Daniel Webber, David Costabile, Pete Davidson",United States,"March 22, 2019",2019,108 min
Brews Brothers,,"Alan Aisenberg, Mike Castle, Carmen Flood, Marques Ray",United States,"April 10, 2020",2020,1 Season
Rodney Carrington: Here Comes the Truth,Brandon Jones,Rodney Carrington,United States,"October 3, 2017",2017,66 min
Planet Hulk,Sam Liu,"Rick D. Wasserman, Lisa Ann Beley, Mark Hildreth, Liam O'Brien, Kevin Michael Richardson, Sam Vincent, Advah Soudack, Michael Kopsa, Paul Dobson, Marc Worden",United States,"June 1, 2020",2010,81 min
Tree Man,"Jon Reiner, Brad Rothschild",,Canada,"November 1, 2016",2015,82 min
Ladies First,Uraaz Bahl,,India,"March 8, 2018",2018,40 min
King Jack,Felix Thompson,"Charlie Plummer, Cory Nichols, Christian Madsen, Danny Flaherty, Erin Davie, Chloe Levine",United States,"July 1, 2016",2015,81 min
"I love you, stupid",Laura Mañá,"Quim Gutiérrez, Natalia Tena, Alfonso Bassave, Alba Ribas, Patricia Vico, Ernesto Alterio",Spain,"May 15, 2020",2019,88 min
A Family Man,Mark Williams,"Gerard Butler, Gretchen Mol, Alison Brie, Willem Dafoe, Alfred Molina, Maxwell Jenkins, Anupam Kher, Dustin Milligan","Canada, United States","December 15, 2019",2016,110 min
Boomika (Telugu),Rathindran R Prasad,"Aishwarya Rajesh, Vidhu, Surya Ganapathy, Madhuri, Pavel Navageethan, Avantika Vandanapu",,"August 23, 2021",2021,122 min
3 Türken & ein Baby,Sinan Akkuş,"Kostja Ullmann, Eko Fresh, Kida Khodr Ramadan, Sabrina Klüber, Sami Nasser, Kayla Rybicka, Jytte-Merle Böhrnsen, Emrah Erdogru, Tim Grothe, Hülya Duyar",Germany,"December 15, 2016",2015,93 min
Teenage Bounty Hunters,,"Anjelica Bette Fellini, Maddie Phillips, Kadeem Hardison, Virginia Williams, Mackenzie Astin, Shirley Rumierk, Myles Evans, Devon Hales, Spencer House, Eric Graise, Charity Cervantes, Wynn Everett, Method Man",United States,"August 14, 2020",2020,1 Season
I'm Sorry,,"Andrea Savage, Tom Everett Scott, Olive Petrucci",United States,"September 13, 2019",2019,2 Seasons
Taken,,"Clive Standen, Jennifer Beals, Gaius Charles, Brooklyn Sudano, Monique Gabriela Curnen, Michael Irby, James Landry Hébert, Jose Pablo Cantillo, James Landry Hebert","France, United States"," January 12, 2019",2018,2 Seasons
Harriet the Spy: Blog Wars,Ron Oliver,"Jennifer Stone, Kristin Booth, Wesley Morgan, Doug Murray, Shauna MacDonald, Jason Blicker, Jayne Eastwood, Melinda Shankar, Alexander Conti, Vanessa Morgan","United States, Canada","April 15, 2018",2010,87 min
Jal,Girish Malik,"Purab Kohli, Tannishtha Chatterjee, Kirti Kulhari, Yashpal Sharma, Mukul Dev, Saidah Jules, Ravi Gossain, Rahul Singh",India,"October 15, 2017",2013,132 min
Only Mine,Michael Civille,"Amber Midthunder, Brett Zimmerman, Chris Browning, Walter Fauntleroy, Claudia Ferri, Lorenzo James Henrie, Ellen Wroe, Ashley Holliday Tavares, Nancy Linehan Charles, Jonna Walsh",United States,"April 15, 2021",2019,88 min
Bibi & Tina: Tohuwabohu Total,Detlev Buck,"Lina Larissa Strahl, Lisa-Marie Koroll, Louis Held, Lea van Acken, Emilio Sakraya, Michael Maertens, Martin Seifert",Germany,"December 27, 2017",2017,106 min
Darna Mana Hai,Prawal Raman,"Aftab Shivdasani, Antara Mali, Boman Irani, Isha Koppikar, Nana Patekar, Raghuvir Yadav, Rajpal Yadav, Revathy, Saif Ali Khan, Sameera Reddy, Sanjay Kapoor, Shilpa Shetty, Sohail Khan, Vivek Oberoi",India,"August 1, 2019",2003,116 min
Professor,Lekh Tandon,"Shammi Kapoor, Kalpana, Lalita Pawar, Parveen Choudhary, Salim, Pratima Devi, Rashid Khan, Bir Sakuja, Bela Bose, Ratnamala",India,"July 1, 2017",1962,163 min
Posesif,Edwin,"Putri Marino, Adipati Dolken, Gritte Agatha, Chicco Kurniawan, Yayu Unru, Cut Mini Theo, Ismail Basbeth, Maulidina K. Putri",Indonesia,"January 1, 2020",2017,102 min
The lynx,Stanisław Różewicz,"Jerzy Radziwiłowicz, Franciszek Pieczka, Piotr Bajor, Ryszarda Hanin, Janusz Paluszkiewicz, Henryk Machalica, Hanna Mikuć, Maria Klejdysz",Poland,"October 1, 2019",1982,82 min
Nightflyers,,"Eoin Macken, David Ajala, Jodie Turner-Smith, Angus Sampson, Sam Strike, Maya Eshet, Brían F. O'Byrne, Gretchen Mol, Miranda Raison",United States,"December 2, 2019",2018,1 Season
Eyyvah Eyyvah 3,Hakan Algül,"Demet Akbağ, Ata Demirer, Özge Borak, Salih Kalyon, Tanju Tuncel, Serra Yılmaz, Tarık Ünlüoğlu, Ayşenil Şamlıoğlu",Turkey,"March 10, 2017",2014,103 min
Everybody Knows,Asghar Farhadi,"Penélope Cruz, Javier Bardem, Ricardo Darín, Eduard Fernández, Bárbara Lennie, Inma Cuesta, Elvira Mínguez, Ramón Barea, Carla Campra, Sara Sálamo, Roger Casamajor, José Ángel Egido","Spain, France, Italy","June 6, 2019",2019,133 min
Case,,"Steinunn Ólína Þorsteinsdóttir, Magnús Jónsson, Þorsteinn Bachmann, Jóhanna Vigdís Arnardóttir, Birna Rún Eiríksdóttir, Elma Stefania Agustsdottir, Bergur Þór Ingólfsson, Halldóra Geirharðsdóttir, Arnar Jónsson, Davíð Freyr Þórunnarson, Björn Stefánsson, Nína Dögg Filippusdóttir, Hjortur Jóhann Jónsson",Iceland,"November 9, 2016",2015,1 Season
The Circle,,Michelle Buteau,"United States, United Kingdom","September 8, 2021",2021,3 Seasons
Vikings Unearthed,Harvey Lilley,Eric Meyers,United States,"March 1, 2017",2016,113 min
Bad Blood,,"Anthony LaPaglia, Kim Coates, Enrico Colantoni, Paul Sorvino, Maxim Roy, Brett Donahue, Michelle Mylett, Claudia Ferri, Tony Nappo",Canada,"May 31, 2019",2019,2 Seasons
My Entire High School Sinking Into the Sea,Dash Shaw,"Jason Schwartzman, Lena Dunham, Reggie Watts, Maya Rudolph, Susan Sarandon, Thomas Jay Ryan, Alex Karpovsky, Louisa Krause, John Cameron Mitchell, Matthew Maher",United States,"January 23, 2018",2016,77 min
"Bob Ross: Happy Accidents, Betrayal & Greed",Joshua Rofé,Bob Ross,,"August 25, 2021",2021,93 min
This Lady Called Life,Kayode Kasum,"Bisola Aiyeola, Efa Iwara, Molawa Onajobi, Tina Mba, Wale Ojo, Jemima Osunde, Lota Chukwu, Samuel Asa'ah, Michael Ejoor, Uche Elumelu",Nigeria,"April 23, 2021",2020,120 min
Don't F**k with Cats: Hunting an Internet Killer,Mark Lewis,,"United Kingdom, United States","December 18, 2019",2019,1 Season
Memoir of a Murderer,Shin-yeon Won,"Kyung-gu Seol, Nam-gil Kim, Seol-hyun Kim, Dal-su Oh, Seok-jeong Hwang, In-Gum Jung, Ki-jun Shin, Jin-young Jang, Rina Shin, Hye-yoon Kim",South Korea,"February 19, 2018",2017,118 min
Barbie & Her Sisters in a Pony Tale,Kyran Kelly,"Kelly Sheridan, Kazumi Evans, Claire Corlett, Ashlyn Drummond, Alex Kelly, Tabitha St. Germain, Shannon Chan-Kent",United States,"October 1, 2017",2013,74 min
Your Excellency,Funke Akindele,"Akin Lewis, Funke Akindele, Kemi Lala Akindoju, Shaffy Bello, Kunle Coker, Eku Edewor, Alexx Ekubo, Osas Ighodaro Ajibade, Seyi Law, Falz, Chigul, Deyemi Okanlawon, Beverly Osu, Toni Tones, Christian Paul, Bimbo Manuel, Helen Paul",,"July 10, 2020",2019,120 min
Ferrari Ki Sawaari,Rajesh Mapuskar,"Sharman Joshi, Boman Irani, Ritwik Sahore, Paresh Rawal, Deepak Shirke, Satyadeep Misra, Aakash Dabhade, Nilesh Diwekar, Vidya Balan",India,"April 1, 2021",2012,133 min
Seven and Me,,"Leila Jolene, Flavio Parenti, Josefin Asplund",France,"October 15, 2017",2017,1 Season
Ask the StoryBots,,"Judy Greer, Erin Fitzgerald, Fred Tatasciore, Jeff Gill, Gregg Spiridellis, Evan Spiridellis",United States,"July 6, 2021",2019,3 Seasons
Jewel's Catch One,C. Fitz,Jewel Thais-Williams,United States,"May 1, 2018",2016,84 min
The Men Who Stare at Goats,Grant Heslov,"George Clooney, Ewan McGregor, Jeff Bridges, Kevin Spacey, Stephen Lang, Robert Patrick, Waleed Zuaiter, Stephen Root, Glenn Morshower, Nick Offerman, Tim Griffin, Rebecca Mader","United States, United Kingdom","June 4, 2019",2009,94 min
"Karol Modzelewski, Łukasz „Lotek” Lodkowski No Offense",,"Karol Modzelewski, Łukasz ""Lotek” Lodkowski",,"September 19, 2016",2016,65 min
Sky on Fire,Ringo Lam,"Daniel Wu, Joseph Chang, Amber Kuo, Zhang Jingchu, Ruoyun Zhang","China, Hong Kong","August 5, 2017",2016,100 min
Shiny_Flakes: The Teenage Drug Lord,"Eva Müller, Michael Schmitt",Maximilian Schmidt,,"August 3, 2021",2021,97 min
Hart of Dixie,,"Rachel Bilson, Jaime King, Cress Williams, Wilson Bethel, Scott Porter, Tim Matheson, Kaitlyn Black, Ross Philips",United States," December 15, 2015",2014,4 Seasons
Our Lovers,Miguel Ángel Lamata,"Eduardo Noriega, Michelle Jenner, Fele Martínez, Amaia Salamanca",Spain,"April 14, 2017",2016,92 min
Gol Maal,Hrishikesh Mukherjee,"Amol Palekar, Bindiya Goswami, Deven Verma, Utpal Dutt, Shubha Khote, Manju Singh, Dina Pathak, Pushpa, David Abraham, Asrani",India,"December 31, 2019",1979,137 min
Money Trap,Yılmaz Erdoğan,"Yılmaz Erdoğan, Kıvanç Tatlıtuğ, Ezgi Mola, Bensu Soral, Rıza Kocaoğlu, Okan Çabalar, Güven Kıraç, Ahmet Mümtaz Taylan",Turkey,"April 26, 2019",2019,122 min
KENGAN ASHURA,,"Tatsuhisa Suzuki, Cho, Jouji Nakata, Yumi Uchiyama, Hayato Kaneko, Tetsu Inada, Yasuyuki Kase, Junya Enoki, Daisuke Namikawa, Ryuzo Hasuike","United States, Japan","October 31, 2019",2019,2 Seasons
The Angry Birds Movie 2,"Thurop Van Orman, John Rice","Jason Sudeikis, Rachel Bloom, Leslie Jones, Josh Gad, Bill Hader, Danny McBride, Awkwafina, Sterling K. Brown, Tiffany Haddish, Eugenio Derbez","Finland, United States","February 27, 2020",2019,97 min
Lunatics,,Chris Lilley,Australia,"April 19, 2019",2019,1 Season
Ghost Rider,Mark Steven Johnson,"Nicolas Cage, Eva Mendes, Wes Bentley, Sam Elliott, Donal Logue, Matt Long, Peter Fonda, Brett Cullen, Raquel Alessi, Laurence Breuls","United States, Australia","October 1, 2020",2007,110 min
The Houseboat,,"Olli Schulz, Fynn Kliemann",Germany,"March 9, 2021",2021,1 Season
Firedrake the Silver Dragon,Tomer Eshed,"Thomas Brodie-Sangster, Felicity Jones, Freddie Highmore, Patrick Stewart, Meera Syal, Sanjeev Bhaskar, Nonso Anozie",,"September 10, 2021",2021,93 min
Happy Go Lucky,Amarpreet G S Chabbra,"Amrinder Gill, Harish Verma, Sumeet Sandhu, Gurpreet Guggi, B.N. Sharma, Praneet Bhatt, Kuldeep Sharma",India,"October 1, 2018",2014,129 min
Get the Goat,Vitor Brandt,"Matheus Nachtergaele, Edmilson Filho, Letícia Lima, Leandro Ramos, Evelyn Castro, Valéria Vitoriano, Victor Allen, Renan Medeiros, Eyrio Okura, Jéssica Tamochunas, Marcondes Falcão, Juliano Cazarré",Brazil,"March 18, 2021",2021,98 min
Hi Score Girl,,"Kohei Amasaki, Sayumi Suzushiro, Yuuki Hirose, Kazuyuki Okitsu, Daiki Yamashita, Daria Midou, Satomi Arai, Shizuka Ito, Cho, Chinatsu Akasaki, Tomokazu Sugita, Yuichi Nakamura, Kana Ueda, Taketora, Hochu Otsuka, Hiroki Yasumoto",Japan,"April 9, 2020",2019,2 Seasons
Masha's Spooky Stories,,,"United States, Russia","October 1, 2016",2012,1 Season
Jezebel,Numa Perrier,"Tiffany Tenille, Numa Perrier, Stephen Barrington, Bobby Field, Rockwelle Dortch, Zoe Tyson, Dennis Jaffee, Jessa Zarubica, RiRia, Charlie Taylor, Amy Aitken, Brett Gelman",United States,"January 16, 2020",2019,86 min
The Hurricane Heist,Rob Cohen,"Toby Kebbell, Maggie Grace, Ryan Kwanten, Ralph Ineson, Melissa Bolona, Ben Cross, Jamie Andrew Cutler","United Kingdom, United States","September 26, 2018",2018,103 min
Ajaibnya Cinta,,,,"April 14, 2021",2015,1 Season
Bewildered Bolbol,Khaled Marei,"Ahmed Helmy, Zeina, Shery Adel, Emy Samir Ghanim, Yousef Fawzy, Yasser El Tobgy, Wael Sami, Maryam Saleh",Egypt,"June 20, 2019",2010,112 min
Don't Go Breaking My Heart 2,Johnnie To,"Louis Koo, Gao Yuanyuan, Miriam Chin Wah Yeung, Vic Chou, Daniel Wu","Hong Kong, China","December 1, 2018",2014,113 min
Carrie,Brian De Palma,"Sissy Spacek, Piper Laurie, Amy Irving, William Katt, John Travolta, Nancy Allen, Betty Buckley, P.J. Soles, Priscilla Pointer, Sydney Lassick, Stefan Gierasch, Michael Talbott, Doug Cox, Harry Gold, Noelle North",United States,"June 1, 2019",1976,98 min
Free Willy,Simon Wincer,"Jason James Richter, Lori Petty, Jayne Atkinson, August Schellenberg, Michael Madsen, Michael Ironside, Richard Riehle, Mykelti Williamson, Michael Bacall, Danielle Harris","United States, France, Mexico","January 1, 2020",1993,112 min
How to Get Over a Breakup,"Joanna Lombardi, Bruno Ascenzo","Gisela Ponce de León, Karina Jordán, Jely Reátegui, Andrés Salas, Christopher Von Uckermann, Carlos Carlín",Peru,"October 20, 2018",2018,104 min
Dirty Money,,,United States,"March 11, 2020",2020,2 Seasons
Total Recall,Paul Verhoeven,"Arnold Schwarzenegger, Rachel Ticotin, Sharon Stone, Michael Ironside, Ronny Cox, Marshall Bell, Michael Champion, Mel Johnson Jr., Roy Brocksmith, Rosemary Dunsmore","United States, Mexico","July 1, 2020",1990,114 min
​​Kuch Bheege Alfaaz,Onir,"Geetanjali Thapa, Zain Khan Durrani, Shray Rai Tiwari, Mona Ambegaonkar, Chandreyee Ghosh, Barun Chanda, Saheb Bhattacharjee, Shefali Chauhan",India,"September 1, 2018",2018,110 min
Counterfeiting in Suburbia,Jason Bourque,"Sarah Butler, Larissa Albuquerque, Kayla Wallace, Matthew MacCaull, James Dean, Alison Wandzura, Bruce Blain, Natalie Grace, Phillip Mitchell",Canada,"July 1, 2018",2018,88 min
Frequency,,"Peyton List, Riley Smith, Mekhi Phifer, Devin Kelley, Lenny Jacobson, Daniel Bonjour, Anthony Ruivivar",United States,"September 4, 2017",2016,1 Season
Alan Saldaña: Locked Up,Alex Díaz,Alan Saldaña,Mexico,"June 3, 2021",2021,49 min
White Christmas,Michael Curtiz,"Bing Crosby, Danny Kaye, Rosemary Clooney, Vera-Ellen, Dean Jagger, Mary Wickes, John Brascia, Anne Whitfield, George Chakiris",United States,"November 15, 2020",1954,120 min
Ferris Bueller's Day Off,John Hughes,"Matthew Broderick, Alan Ruck, Mia Sara, Jeffrey Jones, Jennifer Grey, Cindy Pickett, Lyman Ward, Edie McClurg, Charlie Sheen, Kristy Swanson, Ben Stein, Del Close",United States,"August 1, 2021",1986,103 min
Why Are You Like This,,"Naomi Higgins, Olivia Junkeer, Wil King",Australia,"June 19, 2021",2021,1 Season
Feel Good,Ally Pankiw,"Mae Martin, Charlotte Ritchie, Lisa Kudrow, Sophie Thompson, Tom Andrews, Tobi Bamtefa, Phil Burgers, Ophelia Lovibond, Adrian Lukis, Ritu Arya, Ramon Tikaram",United Kingdom,"June 4, 2021",2021,2 Seasons
Power Rangers Samurai: Clash of the Red Rangers,,"Alex Heartman, Erika Fong, Hector David Jr., Najee De-Tiege, Brittany Anne Pirtle, Rene Naufahu",United States,"January 1, 2016",2011,46 min
Treehouse Detectives,,"Brody Allen, Jenna Davis, Ryan Bartley, Philece Sampler, Leigh Kelly, Abby Trott","South Korea, United States","November 9, 2018",2018,2 Seasons
Aamir,Raj Kumar Gupta,"Rajeev Khandelwal, Gajraj Rao, Shashanka Ghosh, Jhilmil Hazrika, Gazala Amin, Allauddin Khan",India,"November 1, 2018",2008,95 min
Flying Guillotine 2,"Kang Cheng, Shan Hua","Feng Ku, Chung Wang, Szu Shih, Lung Ti, Lo Lieh, Szu-Chia Chen",Hong Kong,"July 31, 2018",1978,88 min
Figures of Speech,Ari Levinson,Chris Pine,United States,"December 21, 2016",2016,92 min
Undercover: How to Operate Behind Enemy Lines,John Ford,,United States,"March 31, 2017",1943,61 min
The Show,Giancarlo Esposito,"Josh Duhamel, Giancarlo Esposito, Famke Janssen, Sarah Wayne Callies, Caitlin Fitzgerald, Chris Ellis, Lucia Walters, James Franco",United States,"June 1, 2020",2017,105 min
True Grit,Henry Hathaway,"John Wayne, Glen Campbell, Kim Darby, Jeremy Slate, Robert Duvall, Dennis Hopper, Alfred Ryder, Strother Martin, Jeff Corey",United States,"January 1, 2020",1969,128 min
Kalki,Dhilip Kumar,"Kishore Kumar G., Yasmin Ponnappa, Mithraboomi Saravanan",India,"March 1, 2018",2017,41 min
A Thin Line Between Love & Hate,Martin Lawrence,"Martin Lawrence, Lynn Whitfield, Regina King, Bobby Brown, Della Reese, Daryl Mitchell, Roger Mosley, Malinda Williams, Roger E. Mosley, Simbi Khali, Tangie Ambrose, Wendy Raquel Robinson, Stacii Jae Johnson, Faizon Love, Miguel A. Núñez Jr., Tracy Morgan",United States,"December 1, 2020",1996,108 min
The A List,,"Lisa Ambalavanar, Ellie Duckles, Savannah Baker, Cian Barry, Eleanor Bennett, Jacob Dudman, Rosie Dwyer, Jack Kane, Max Lohan, Nneka Okoye, Micheal Ward, Georgina Sadler, Indianna Ryan",United Kingdom,"July 6, 2021",2021,2 Seasons
Clickbait,Brad Anderson,"Zoe Kazan, Betty Gabriel, Adrian Grenier, Phoenix Raei, Abraham Lim, Jessica Collins, Camaron Engels, Jaylin Fletcher, Liz Alexander, Joyce Guy, Daniel Henshall, Ian Meadows, Jamie Timony, Steve Mouzakis, Becca Lish",,"August 25, 2021",2021,1 Season
Abyss,,"Park Bo-young, Ahn Hyo-seop, Lee Sung-jae, Lee Si-eon, Han So-hee, Kwon Soo-hyun, Kim Sa-rang, Ahn Se-ha, Yun Yoo-sun",South Korea,"May 7, 2019",2019,1 Season
The Clapper,Dito Montiel,"Ed Helms, Amanda Seyfried, Tracy Morgan, Brenda Vaccaro, P.J. Byrne, Leah Remini, Mickey Gooch Jr., Adam Levine, Russell Peters, Alan Thicke",United States,"May 1, 2018",2017,90 min
City of Tiny Lights,Pete Travis,"Riz Ahmed, Billie Piper, James Floyd, Cush Jumbo, Roshan Seth, Hannah Rae, Antonio Aakeel, George Sargeant, Alexander Siddig, Vincent Regan, Barry Aird",United Kingdom,"July 21, 2017",2016,110 min
Sardaarji 2,Rohit Jugraj,"Jaswinder Bhalla, Sonam Bajwa, Diljit Dosanjh, Monica Gill","Australia, India","October 15, 2017",2016,145 min
Pineapple Express,David Gordon Green,"Seth Rogen, James Franco, Danny McBride, Kevin Corrigan, Craig Robinson, Gary Cole, Rosie Perez, Ed Begley Jr., Nora Dunn, Amber Heard",United States,"August 1, 2021",2008,112 min
Zindagi Gulzar Hai,,"Sanam Saeed, Fawad Khan, Ayesha Omer, Mehreen Raheel, Sheheryar Munawar, Samina Peerzada, Waseem Abbas, Javed Sheikh, Hina Khawaja Bayat",Pakistan,"December 15, 2016",2012,1 Season
Supermarket Sweep,,,United States,"July 2, 2020",1993,1 Season
Ready,Anees Bazmee,"Salman Khan, Asin, Paresh Rawal, Mahesh Manjrekar, Anuradha Patel, Manoj Pahwa, Manoj Joshi, Puneet Issar, Sharat Saxena, Akhilendra Mishra, Zarine Khan, Arya Babbar",India,"October 22, 2017",2011,144 min
Thumper,Jordan Ross,"Eliza Taylor, Pablo Schreiber, Daniel Webber, Lena Headey, Ben Feldman, Grant Harvey, Jazzy De Lisser, Brett Rice",United States,"February 5, 2018",2017,93 min
Genius of the Ancient World,,Bettany Hughes,United Kingdom,"August 1, 2017",2015,1 Season
Weeds on Fire,Chi Fat Chan,"Liu Kai Chi, Lam Yiu-sing, Tony Tsz-Tung Wu, Poon Chan-leung, Sun Li Man, Tam Sin Yin, Sham Ka Ki, Wang Simin, Jan Lamb",Hong Kong,"September 27, 2018",2016,95 min
Christmas Inheritance,Ernie Barbarash,"Eliza Taylor, Jake Lacy, Andie MacDowell, Michael Xavier, Neil Crone, Anthony Sherwood, Joanna Douglas, Martin Roach",United States,"December 15, 2017",2017,105 min
Equals,Drake Doremus,"Nicholas Hoult, Kristen Stewart, Jacki Weaver, Guy Pearce, Rebecca Hazlewood, Scott Lawrence, Kai Lennox, Rizwan Manji","United States, Indonesia","October 28, 2018",2015,102 min
Hashoter Hatov,,"Moshe Ivgy, Guy Loel, Yuval Semo, Yigal Adika, Avi Shnaidman, Vered Feldman, Liora Rivlin",Israel,"December 28, 2018",2015,1 Season
The Rap Game,,Jermaine Dupri,United States,"September 15, 2019",2016,1 Season
Haani,Amitoj Mann,"Sarabjit Cheema, Mahreen Kaleka, Harbhajan Mann, Anuj Sachdeva, Rupan Bal, Sonia Mann",India,"October 1, 2018",2013,137 min
Rememory,Mark Palansky,"Peter Dinklage, Julia Ormond, Martin Donovan, Anton Yelchin, Henry Ian Cusick, Evelyne Brochu, Matt Ellis, Colin Lawrence, Chad Krowchuk, Gracyn Shinyei","United Kingdom, United States, Canada","June 1, 2020",2017,112 min
Cultivating the Seas: History and Future of the Full-Cycle Cultured Kindai Tuna,Mana Yasuda,,,"September 28, 2019",2019,45 min
Merlin,James Hawes,"Colin Morgan, Bradley James, Katie McGrath, Angel Coulby, Richard Wilson, Anthony Head, John Hurt, Nathaniel Parker",United Kingdom,"December 15, 2016",2012,5 Seasons
The Pharmacist,"Julia Willoughby Nason, Jenner Furst",,United States,"February 5, 2020",2020,1 Season
"Michael Bolton's Big, Sexy Valentine's Day Special","Scott Aukerman, Akiva Schaffer","Michael Bolton, Andy Samberg, Will Forte, Kenny G, Maya Rudolph, Adam Scott, Janeane Garofalo, Brooke Shields, Sinbad, Michael Sheen, Tim Robinson, Bob Saget, Mary Holland, Andy Richter, Colton Dunn, David Theune, Randall Park, Sarah Silverman, Mary Sohn, Fred Armisen, Matthew Kimbrough, Maya Erskine, Louie Anderson, Claudia O'Doherty, Kate Berlant, Baron Vaughn, Zachary Oyama, Casey Wilson, Sarah Shahi, Jimmy Graham, Luka Jones, Akiva Schaffer, Eric André, Scott Aukerman, Nicole Byer, Dave Ferguson, Tim Kalpakis, Mike Hanford, Mircea Monroe, Chris Parnell, Sal Stowers",United States,"February 7, 2017",2017,54 min
14 Cameras,"Scott Hussion, Seth Fuller","Neville Archambault, Amber Midthunder, Brytnee Ratledge, Hank Rogerson, Chelsea Edmundson, John-Paul Howard, Lora Martinez-Cunningham, Brianne Moncrief",United States,"October 27, 2018",2018,89 min
Unicorn Store,Brie Larson,"Brie Larson, Samuel L. Jackson, Joan Cusack, Bradley Whitford, Mamoudou Athie, Hamish Linklater, Martha MacIsaac, Karan Soni, Annaleigh Ashford",United States,"April 5, 2019",2019,92 min
Fate/Grand Order -First Order-,Hitoshi Namba,"Nobunaga Shimazaki, Rie Takahashi, Ayako Kawasumi, Madoka Yonezawa, Kenichi Suzumura, Tomokazu Sugita",Japan,"September 1, 2020",2016,72 min
Santana,"Chris Roland, Maradona Dias Dos Santos","Paulo Americano, Raul Rosario, Rapulana Seiphemo, David O'Hara, Hakeem Kae-Kazim, Neide Vieira, Cigano Satyohamba, Nompilo Gwala","South Africa, Angola","August 28, 2020",2020,107 min
A Love Song for Latasha,Sophia Nahli Allison,,United States,"September 21, 2020",2020,20 min
Dilan 1990,"Fajar Bustomi, Pidi Baiq","Vanesha Prescilla, Iqbaal Ramadhan, Debo Andryos, Giulio Parengkuan, Omara Esteghlal, Yoriko Angeline, Zulfa Maharani, Brandon Salim",Indonesia,"May 14, 2020",2018,109 min
RattleSnake - The Ahanna Story,Ramsey Nouah,"Stan Nze, Osas Ighodaro, Bucci Franklin, Odera Adimorah, Efa Iwara, Emeka Nwagbaraocha, Elma Mbadiwe, Norbert Young, Brutus Richard, Chinyere Wilfred, Sonny McDon, Chiwetalu Agu",Nigeria,"July 2, 2021",2020,136 min
Omniscient,,"Carla Salle, Sandra Corveloni, Jonathan Haagensen, Guilherme Prates, Luana Tanaka, Marcello Airoldi, Marco Antônio Pâmio",Brazil,"January 29, 2020",2020,1 Season
The Jungle School,Riri Riza,"Prisia Nasution, Nyungsang Bungo, Rukman Rosadi, Nadhira Suryadi, Ines Somellera",Indonesia,"October 30, 2018",2013,90 min
The Circle France,,,,"April 9, 2020",2020,1 Season
Loev,Sudhanshu Saria,"Shiv Pandit, Dhruv Ganesh, Siddharth Menon, Rishabh Chaddha",India,"May 1, 2017",2015,89 min
Best.Worst.Weekend.Ever.,,"Sam Ashe Arnold, Cole Sand, Brianna Reed, Brittany Garms, Alison Becker, Larry Bates, Tiffany Espensen, Rachel Gage, Matt Battaglia, Affion Crockett",United States,"October 19, 2018",2018,1 Season
Octonauts,,"Keith Wickham, Jo Wyatt, Ross Breen, Simon Greenall, Paul Panting, Rob Rackstraw, Teresa Gallagher, Shelley Longworth","United States, Ireland, United Kingdom, India","December 1, 2020",2015,4 Seasons
Savages,Oliver Stone,"Taylor Kitsch, Aaron Taylor-Johnson, Blake Lively, John Travolta, Benicio Del Toro, Salma Hayek, Demián Bichir, Sandra Echeverría, Emile Hirsch, Joaquín Cosío, Ali Wong",United States,"March 16, 2021",2012,131 min
Sprinter,Storm Saulter,"Dale Elliott, Kadeem Wilson, Dennis Titus, David Alan Grier, Shantol Jackson, Lorraine Toussaint, Bryshere Gray, Quera South, Aiden Moodie","Jamaica, United States","April 15, 2020",2018,112 min
The Story of God with Morgan Freeman,,Morgan Freeman,United States," February 1, 2019",2017,2 Seasons
Motu Patlu in Hong Kong: Kung Fu Kings 3,Suhas Kadav,"Saurav Chakraborty, Sankalp Rastogi, Anamaya Varma, Aditya Raaj, Manoj Pandey",,"April 13, 2021",2017,84 min
Monster High: Ghouls Rule,"Mike Fetterly, Steve Sacks","Laura Bailey, Hank Banks, Cam Clarke, Erin Fitzgerald, Dee Dee Green, Kate Higgins, Andrew Duncan",United States,"March 1, 2018",2012,71 min
Bondi Rescue,,"Andrew Günsberg, Dean Gladstone, Bruce Hopkins, Trent 'Maxi' Maxwell, Andrew Reid, Ryan Clark, Chris Chapman, Anthony 'Harries' Caroll",Australia," November 1, 2019",2016,1 Season
Game Over (Telugu Version),Ashwin Saravanan,"Taapsee Pannu, Vinodhini, Parvathi T, Ramya Subramanian, Sanchana Natarajan, Anish Kuruvilla, David Solomon Raja",,"August 21, 2019",2019,98 min
Well-Intended Love,,"Xu Kaicheng, Simona Wang, Ian Yi, Huang Qian Shuo, Yang Hao Ming, Liu Jia Xi",China,"April 1, 2020",2020,2 Seasons
Candy Jar,Ben Shelton,"Christina Hendricks, Helen Hunt, Uzo Aduba, Sami Gayle, Jacob Latimore",United States,"April 27, 2018",2018,93 min
Super Monsters,,"Elyse Maloway, Vincent Tong, Erin Matthews, Andrea Libman, Alessandro Juliani, Nicole Anthony, Ian James Corlett, Britt McKillip, Kathleen Barr, Diana Kaarina",,"October 4, 2019",2019,3 Seasons
All My Friends Are Dead,Jan Belcl,"Julia Wieniawa-Narkiewicz, Mateusz Więcławek, Adam Graf Turczyk, Monika Krzywkowska, Nikodem Rozbicki, Kamil Piotrowski, Adam Bobik, Paulina Gałązka, Magdalena Perlińska, Katarzyna Chojnacka, Konrad Żygadło, Szymon Roszak, Michał Sikorski, Aleksandra Pisula, Wojciech Łozowski, Michał Meyer, Adam Woronowicz",Poland,"February 3, 2021",2020,97 min
You're Everything To Me,Tolga Örnek,"Tolga Çevik, Cengiz Bozkurt, Melis Birkan, Tuna Çevik",Turkey,"March 12, 2021",2016,107 min
Satrangi,,Deepali Sahay,,"April 1, 2017",2014,1 Season
June & Kopi,Noviandra Santosa,"Acha Septriasa, Ryan Delon, Makayla Rose Hilli, TJ",Indonesia,"January 28, 2021",2021,90 min
Cam,Daniel Goldhaber,"Madeline Brewer, Patch Darragh, Melora Walters, Devin Druid, Imani Hakim, Michael Dempsey, Flora Diaz, Samantha Robinson, Jessica Parker Kennedy, Quei Tann",United States,"November 16, 2018",2018,95 min
The Parisian Agency: Exclusive Properties,,"Olivier Kretz, Sandrine Kretz, Valentin Kretz, Martin Kretz, Louis Kretz",,"June 23, 2021",2021,1 Season
I Am Maris,Laura VanZee Taylor,Maris Degener,United States,"April 1, 2019",2018,54 min
Earth to Luna!,,"Angelina Carballo, Raul-Gomez Pina, Eric Anderson",Brazil,"April 10, 2020",2014,1 Season
One 2 Ka 4,Shashilal K. Nair,"Shah Rukh Khan, Juhi Chawla, Jackie Shroff, Nirmal Pandey, Dilip Joshi, Sahila Chaddha, Suresh Chatwal, Bharat Dabholkar, Baby Gazala, Akash Khurana",India,"March 15, 2017",2001,160 min
Queen,Vikas Bahl,"Kangana Ranaut, Rajkummar Rao, Lisa Haydon, Mish Boyko, Jeffrey Chee Eng Ho, Marco Canadea, Sabeeka Imam, Yogendra Tikku",India,"July 5, 2020",2014,138 min
Game Winning Hit,,"Lego Lee, Alice Ko, Afalean Lu, Tsai Chen-nan, Wang Chuan, Leiya Gao, Charlize Lin",Taiwan,"September 1, 2016",2009,1 Season
Bard of Blood,,"Emraan Hashmi, Viineet Kumar, Sobhita Dhulipala, Jaideep Ahlawat, Kirti Kulhari, Sohum Shah, Rajit Kapoor, Danish Hussain",India,"September 27, 2019",2019,1 Season
Shrek the Musical,Jason Moore,"Brian d'Arcy James, Daniel Breaker, Sutton Foster, Christopher Sieber, John Tartaglia, Rozi Baker, Ryan Duncan, Leah Greenhaus, Chris Hoch, Marissa O'Donnell, Denny Paschall",United States,"December 29, 2013",2013,130 min
The Burial of Kojo,"Sam ""Blitz"" Bazawule","Cynthia Dankwa, Ama K. Abebrese, Joseph Otsiman, Kobina Amissah Sam, Mamley Djangmah, Henry Adofo, Anima Misa, Brian Angels","Ghana, United States","March 31, 2019",2018,81 min
Fall in Love with Me,,"Aaron Yan, Tia Lee, Jack Lee, Katherine Wang, Beatrice Fang, Vince Kao, Chen Bor Jeng",Taiwan,"October 1, 2016",2014,1 Season
Taal,Subhash Ghai,"Anil Kapoor, Aishwarya Rai Bachchan, Akshaye Khanna, Amrish Puri, Alok Nath, Mita Vasisht, Saurabh Shukla, Supriya Karnik",India,"March 1, 2018",1999,177 min
Aiyaary,Neeraj Pandey,"Sidharth Malhotra, Manoj Bajpayee, Rakul Preet Singh, Pooja Chopra, Adil Hussain, Kumud Mishra, Naseeruddin Shah, Anupam Kher, Vikram Gokhale, Juhi Babbar",India,"May 15, 2018",2018,158 min
Narcos: Mexico,,"Michael Peña, Diego Luna, Tenoch Huerta, Joaquin Cosio, José María Yazpik, Matt Letscher, Alyssa Diaz","Mexico, United States","February 13, 2020",2020,2 Seasons
Gangs of Hassepur,,"Ragini Khanna, Mandira Bedi, Tanishaa Mukerji",India,"April 15, 2017",2014,1 Season
Set Up,Mike Gunther,"50 Cent, Ryan Phillippe, Bruce Willis, Rory Markham, Jenna Dewan, Brett Granstaff, Randy Couture, Susie Abromeit, Ron Turner, James Remar",United States,"January 10, 2020",2011,85 min
Terrace House: Aloha State,,"You, Reina Triendl, Ryota Yamasato, Yoshimi Tokui, Azusa Babazono, Kentaro","United States, Japan","September 26, 2017",2017,4 Seasons
Battle Drone,Mitch Gould,"Louis Mandylor, Daniel Southworth, Richard Alan Reid, Oleg Taktarov, Natassia Malthe, Jason Earles, Dominique Swain, Michael Paré",United States,"March 1, 2018",2018,94 min
Diagnosis,,Lisa Sanders,United States,"August 16, 2019",2019,1 Season
Dave Chappelle,Stan Lathan,Dave Chappelle,United States,"March 21, 2017",2017,1 Season
The Cakemaker,Ofir Raul Graizer,"Sarah Adler, Tim Kalkhof, Roy Miller, Zohar Shtrauss, Sandra Sade, Tamir Ben-Yehuda, Stephanie Stremler, Tagel Eliyahu","Israel, Germany","December 4, 2018",2017,109 min
Natalie Palamides: Nate - A One Man Show,Phil Burgers,Natalie Palamides,United States,"December 1, 2020",2020,60 min
3 Days to Kill,McG,"Kevin Costner, Amber Heard, Hailee Steinfeld, Connie Nielsen, Tómas Lemarquis, Richard Sammel, Marc Andréoni, Bruno Ricci, Jonas Bloquet, Eriq Ebouaney","United States, France, Serbia","December 1, 2020",2014,117 min
Feel Rich,Peter Spirer,"Quincy Jones, Common, Russell Simmons, Fat Joe, Paul Wall, Quincy Jones III",United States,"August 23, 2017",2017,70 min
Wake Up,,"Jag Huang, Chris Wu, Tiffany Hsu, Michael Huang, Lego Li, Summer Meng",,"March 31, 2018",2017,2 Seasons
The Devil All The Time,Antonio Campos,"Tom Holland, Bill Skarsgård, Riley Keough, Robert Pattinson, Mia Wasikowska, Jason Clarke, Sebastian Stan, Haley Bennett, Harry Melling, Eliza Scanlen",United States,"September 16, 2020",2020,139 min
Coraline,Henry Selick,"Dakota Fanning, Teri Hatcher, John Hodgman, Jennifer Saunders, Dawn French, Keith David, Robert Bailey Jr., Ian McShane",United States,"March 16, 2017",2009,101 min
R.L. Stine's Mostly Ghostly,Richard Correll,"Madison Pettis, Sterling Beaumon, Luke Benward, Brian Stepanek, David DeLuise, Kim Rhodes, Adam Hicks, Ali Lohan, Sabrina Bryan, Rachel Winfree, Diego Acuña",United States,"August 1, 2018",2008,98 min
Drishyam,Nishikant Kamat,"Ajay Devgn, Shriya Saran, Tabu, Rajat Kapoor, Ishita Dutta, Mrunal Jadhav, Prasanna Ketkar, Yogesh Sonam, Prathamesh Parab, Rishabh Chaddha",India,"July 5, 2020",2015,162 min
Ije: The Journey,Chineze Anyaene,"Genevieve Nnaji, Omotola Jalade-Ekeinde, Odalys Garcia, Ulrich Que, Jeff Swarthout, Clem Ohameze, Ann D. Carey, Anahit Setian, Danielle Soibelman, Jon Morgan Woodward","United States, Nigeria","August 3, 2021",2010,106 min
LAST HOPE,,"Tomoaki Maeno, Kana Hanazawa, Kenjiro Tsuda, Nao Toyama, Yuma Uchida, Unsho Ishizuka, Yuuichirou Umehara, Ai Kayano",Japan,"December 21, 2018",2018,2 Seasons
Crime Stories: India Detectives,,,,"September 22, 2021",2021,1 Season
Ali Wong: Hard Knock Wife,Jay Karas,Ali Wong,United States,"May 13, 2018",2018,64 min
The Congress,Ari Folman,"Robin Wright, Harvey Keitel, Jon Hamm, Paul Giamatti, Kodi Smit-McPhee, Danny Huston, Sami Gayle, Michael Stahl-David, Michael Landes, Sarah Shahi","Israel, Germany, Poland, Luxembourg, Belgium, France, United States","August 23, 2019",2013,123 min
Jerry Before Seinfeld,Michael Bonfiglio,Jerry Seinfeld,United States,"September 19, 2017",2017,62 min
Community,,"Ken Jeong, Jim Rash, Donald Glover, Joel McHale, Gillian Jacobs, Danny Pudi, Alison Brie, Chevy Chase, Yvette Nicole Brown",United States,"April 1, 2020",2015,6 Seasons
Christian Mingle,Corbin Bernsen,"Lacey Chabert, Jonathan Patrick Moore, Saidah Arrika Ekulona, Stephen Tobolowsky, John O'Hurley, David Keith, Morgan Fairchild, Corbin Bernsen",United States,"June 6, 2019",2014,99 min
Wrong Kind of Black,,"Clarence Ryan, Aaron L. McGrath, Lisa Flanagan, Tommy Lewis, Nilbi Yasserie, Christopher Ketchup, Boori Monty Pryor, Jacek Koman, Colin Lane, Arthur Angel, Toby Truslove",Australia,"November 6, 2020",2018,1 Season
Hard Kill,Matt Eskandari,"Jesse Metcalfe, Bruce Willis, Natalie Eva Marie, Lala Kent, Texas Battle, Swen Temmel, Sergio Rizzuto, Tyler Jon Olson, Jon Galanis",United States,"November 23, 2020",2020,98 min
Night Comes On,Jordana Spiro,"Dominique Fishback, Tatum Marilyn Hall, Nastashia Fuller, Angel Bismark Curiel, John Earl Jelks, Max Casella, James McDaniel, Cymbal Byrd",United States,"August 27, 2020",2018,87 min
No Other Woman,Ruel S. Bayani,"Anne Curtis, Derek Ramsay, Cristine Reyes, Tirso Cruz III, Carmi Martin, John Arcilla, Marlann Flores, Ron Morales, Kat Alano",Philippines,"March 4, 2019",2011,103 min
Spiritual House,,"Hiroyuki Ehara, Miki Sumiyoshi, Sato Kondo, Kazuhiro Kiyohara, Noriko Sakai, Moe Oshikiri, Homare Sawa, Mariko Hayashi",,"May 1, 2018",2017,1 Season
Secrets of Althorp - The Spencers,Kasia Uscinska,Samuel West,United States,"April 22, 2017",2013,54 min
Pup Star,Robert Vince,"Makenzie Moss, Jed Rees, David DeLuise, Carla Jimenez, Tom Everett Scott, Diedrich Bader, George Newbern, Bonnie Somerville, John Ratzenberger",Canada,"October 29, 2016",2016,92 min
Battle Creek,,"Josh Duhamel, Dean Winters, Aubrey Dollar, Edward Fordham Jr., Kal Penn, Janet McTeer, Liza Lapira, Damon Herriman, Meredith Eaton",United States,"December 31, 2015",2015,1 Season
Kath and Kim,,"Jane Turner, Gina Riley, Glenn Robbins, Peter Rowsthorn, Magda Szubanski",Australia,"July 28, 2018",2007,6 Seasons
Vodka Diaries,Kushal Srivastava,"Kay Kay Menon, Raima Sen, Mandira Bedi, Sharib Hashmi, Rishi Bhutani, Herry Tangri, Vaishnavi Dhanraj, Swati Rajput",India,"December 31, 2019",2018,113 min
ONE PIECE,,"Mayumi Tanaka, Akemi Okamura, Kazuya Nakai, Kappei Yamaguchi, Hiroaki Hirata, Ikue Otani, Yuriko Yamaguchi, Kazuki Yao, Cho",Japan,"June 12, 2020",2002,4 Seasons
Gabru: Hip Hop Revolution,,"Amol Parashar, Harleen Sethi, Chaitanya Sharma, Priya Malik, Pratik Dixit",India,"June 1, 2018",2018,1 Season
Bobby Jasoos,Samar Shaikh,"Vidya Balan, Ali Fazal, Supriya Pathak, Tanvi Azmi, Zarina Wahab, Kiran Kumar, Rajendra Gupta, Arjan Bajwa, Prasad Barve, Aakash Dahiya",India,"December 31, 2020",2014,116 min
Monster House,Gil Kenan,"Mitchel Musso, Sam Lerner, Spencer Locke, Steve Buscemi, Kathleen Turner, Jason Lee, Jon Heder, Maggie Gyllenhaal, Catherine O'Hara, Fred Willard, Nick Cannon, Kevin James",United States,"December 1, 2020",2006,91 min
The Gentleman Driver,Mario Mattei,,United States,"January 31, 2019",2018,83 min
Danger Mouse,,"Alexander Armstrong, Kevin Eldon, Stephen Fry, Ed Gaughan, Shauna Macdonald, Dave Lamb, Morwenna Banks",United Kingdom,"November 9, 2016",2016,2 Seasons
Kings,Deniz Gamze Ergüven,"Halle Berry, Daniel Craig, Lamar Johnson, Kaalan Walker, Rachel Hilson, Issac Ryan Brown, Callan Farris, Serenity Reign Brown, Reece Cody, Aiden Akpan","France, Belgium, China, United States","October 29, 2018",2017,87 min
Gatao - The Last Stray,Ray Jiang,"Cheng Jen-shuo, Nikki Hsieh, Jack Kao, Lung Shao-hua, Alan Kuo, Alex Ko, Huang Shang-ho, Gary Tang, Chang Zhang-xing, Panda Wu, Samuel Ku, Justin Sheng",,"May 26, 2021",2021,120 min
Muzaffarnagar Baaqi Hai,Nakul Singh Sawhney,,India,"November 15, 2018",2015,136 min
Lupin the 3rd: The Castle of Cagliostro: Special Edition,Hayao Miyazaki,"Yasuo Yamada, Kiyoshi Kobayashi, Eiko Masuyama, Makio Inoue, Goro Naya, Sumi Shimamoto, Taro Ishida, Kohei Miyauchi, Ichiro Nagai",Japan,"May 15, 2018",1979,100 min
Nailed It! Spain,,"La Terremoto de Alcorcón, Christian Escribà",Spain,"October 25, 2019",2019,1 Season
Revenge of the Green Dragons,"Andrew Lau Wai-Keung, Andrew Loo","Ray Liotta, Justin Chon, Kevin Wu, Harry Shum Jr., Eugenia Yuan, Leonard Wu, Jin Auyeung, Jon Kit Lee, Shuya Chang, Geoff Pierson","Hong Kong, United States","July 21, 2018",2014,95 min
Winter Sun,,"Şükrü Özyıldız, Aslı Enver, Şenay Gürler, Başak Parlak, Mahir Günşiray, Hakan Boyav, Hakan Gerçek, Berrak Kuş, Gamze Süner Atay, Mehmet Esen",Turkey,"August 1, 2017",2014,1 Season
Sword Art Online,,"Yoshitsugu Matsuoka, Haruka Tomatsu, Ayana Taketatsu, Kanae Ito, Rina Hidaka, Ayahi Takagaki, Hiroaki Hirata, Hiroki Yasumoto, Saori Hayami, Koichi Yamadera",Japan,"October 1, 2020",2018,3 Seasons
The Tuxedo,Kevin Donovan,"Jackie Chan, Jennifer Love Hewitt, Jason Isaacs, Debi Mazar, Ritchie Coster, Peter Stormare, Mia Cottet, Romany Malco, Daniel Kash",United States,"November 1, 2019",2002,99 min
Little Singham: Kaal Ka Badla,Prakash Satam,"Anamaya Verma, Arushi Talwar, Ganesh Divekar, Jigna Bhardwaj, Krishna Dasadiya, Neshma Chemburkar, Manoj Pandey, Parminder Ghumman, Pranav Vaidya, Saumya Daan, Sonal Kaushal, Sumriddhi Shukla",,"August 19, 2020",2020,70 min
Black Mirror,,"Jesse Plemons, Cristin Milioti, Jimmi Simpson, Rosemarie DeWitt, Douglas Hodge, Andrea Riseborough, Brenna Harding, Owen Teague, Andrew Gower, Kiran Sonia Sawar, Georgina Campbell, Joe Cole, Maxine Peake, Jake Davies, Clint Dyer, Letitia Wright, Babs Olusanmokun, Bryce Dallas Howard, Alice Eve, Michael Kelly, Cherry Jones, Gugu Mbatha-Raw, Mackenzie Davis, Wyatt Russell, Benedict Wong, Kelly Macdonald, Faye Marsay, Madeline Brewer, Hannah John-Kamen, Malachi Kirby, Alex Lawther, Jerome Flynn, James Norton, Rory Kinnear, Lindsay Duncan, Daniel Kaluuya, Jessica Brown Findlay, Rupert Everett, Toby Kebbell, Jodie Whittaker, Hayley Atwell, Domhnall Gleeson, Lenora Crichlow, Michael Smiley, Daniel Rigby, Chloe Pirrie, Jason Flemyng, Jon Hamm, Oona Chaplin, Rafe Spall",United Kingdom,"June 5, 2019",2019,5 Seasons
Lucky Days,,"Chris Wang, Tammy Chen, Fan Kuang-yao, Chen Bor Jeng, Lin Mei-hsiu, Ma Nien-hsien",China,"September 1, 2016",2010,1 Season
The Lost Brother,Israel Adrián Caetano,"Leonardo Sbaraglia, Daniel Hendler, Ángela Molina, Alián Devetac, Pablo Cedrón, Alejandra Flechner","Argentina, Uruguay, Spain, France","September 1, 2017",2017,113 min
Trotro,,,France,"July 1, 2020",2004,1 Season
Ricky Gervais: Humanity,John L. Spencer,Ricky Gervais,United Kingdom,"March 13, 2018",2018,79 min
Love and Hong Kong,,"Eiko Koike, Ryo Yoshizawa, Fumika Baba, Moga Mogami, Tomo Yanagishita, Kaoru Nagata, Ryo Iwamatsu",Japan,"January 20, 2018",2017,1 Season
The Arbitration,Niyi Akinmolayan,"Adesua Etomi, O.C. Ukeje, Ireti Doyle, Sola Fosudo, Somkele Iyamah, Lota Chukwu, Gregory Ojefua, Beverly Naya, Bimbo Ademoye, Pius Fatoke",Nigeria,"February 26, 2020",2016,101 min
Rafinha Bastos: Ultimatum,,Rafinha Bastos,Brazil,"September 21, 2018",2018,63 min
The Bittersweet,D Ho,"Min-ho Lee, Zhu Xuan",China,"November 1, 2017",2017,98 min
Bebe's Kids,Bruce W. Smith,"Faizon Love, Vanessa Bell Calloway, Wayne Collins, Jonell Green, Marques Houston, Tone-Loc, Myra J., Nell Carter",United States,"November 20, 2019",1992,73 min
Kulipari: An Army of Frogs,,"Mark Hamill, Keith David, Wendie Malick, Josh Keaton, Mikey Kelley, Phil LaMarr, Laraine Newman, Jess Harnell, Charles Adler, Amy Margolis, Cree Summer, Lacey Chabert, Rolonda Watts, Kevin Michael Richardson, Candi Milo",United States,"September 2, 2016",2016,1 Season
Splatter,Joe Dante,"Corey Feldman, Tony Todd, Tara Leigh, Erin Way, Mark Alan, Stuart Pankin",United States,"November 18, 2009",2009,29 min
Magical Andes,,,"Uruguay, Germany","April 1, 2021",2021,2 Seasons
Reggie Yates Outside Man,,Reggie Yates,United Kingdom," December 15, 2017",2017,2 Seasons
Tell Me When,Gerardo Gatica,"Jesús Zavala, Ximena Romo, Verónica Castro, José Carlos Ruiz, Gabriel Nuncio, Rosa María Bianchi, Héctor Bonilla, Andrés Almeida",Mexico,"April 21, 2021",2021,97 min
Wild District,,"Juan Pablo Raba, Cristina Umaña, Camila Sodi, Christian Tappán, Juan Fernando Sánchez, Juan Sebastián Calero, Paula Castaño, Nicolás Quiroga, Alina Lozano, Carolina Acevedo, Julio César Pachón, Roberto Cano",Colombia,"November 8, 2019",2019,2 Seasons
Inconceivable,Jonathan Baker,"Gina Gershon, Faye Dunaway, Nicolas Cage, Nicky Whelan, Natalie Eva Marie, Jonathan Baker, James Van Patten","United Kingdom, United States","March 1, 2018",2017,106 min
Daybreak,,"Colin Ford, Alyvia Alyn Lind, Sophie Simnett, Austin Crute, Cody Kearsley, Jeanté Godlock, Gregory Kasyan, Krysta Rodriguez, Matthew Broderick",United States,"October 24, 2019",2019,1 Season
Still,"Chatchai Katenut, Manussa Vorasingha, Tanwarin Sukkhapisit, Poj Arnon","Mai Charoenpura, Akara Amarttayakul, Supakson Chaimongkol, Kachapa Toncharoen, Wiradit Srimalai, Vasana Chalakorn, Ratchanont Sukpragawp, Arisara Thongborisut",Thailand,"September 14, 2018",2010,100 min
Galavant,,"Joshua Sasse, Timothy Omundson, Vinnie Jones, Mallory Jansen, Karen David, Luke Youngblood",United States," September 7, 2016",2016,2 Seasons
Angry Birds,,"Antti Pääkkönen, Heljä Heikkinen, Lynne Guaglione, Pasi Ruohonen, Rauno Ahonen",Finland,"September 16, 2021",2018,1 Season
Maharakshak: Aryan,,"Aakarshan Singh, Vikramjeet Virk, Reena Aggarwal, Khalid Siddiqui, Abigail Jain, Rishabh Jain",India,"April 1, 2017",2014,1 Season
Jaguar,,"Blanca Suárez, Iván Marcos, Óscar Casas, Adrián Lastra, Francesc Garrido, Stefan Weinert, Julia Möller, Alicia Chojnowski",,"September 22, 2021",2021,1 Season
Becoming Champions,,,Mexico,"August 1, 2018",2018,1 Season
Code Geass: Lelouch of the Rebellion,,"Jun Fukuyama, Takahiro Sakurai, Yukana, Ami Koshimizu, Kaori Nazuka, Fumiko Orikasa, Sayaka Ohara, Noriaki Sugiyama, Takahiro Mizushima, Soichiro Hoshi, Yuko Goto",Japan,"May 1, 2019",2008,2 Seasons
Strong,,Gabrielle Reece,United States,"October 1, 2018",2016,1 Season
Chocolate,,"Ha Ji-won, Yoon Kye-sang, Jang Seung-jo, Kang Bu-ja, Lee Jae-ryong, Min Jin-woong, Kim Won-hae, Yoo Teo",South Korea,"November 30, 2019",2019,1 Season
Garfield's Pet Force,Mark A.Z. Dippé,"Frank Welker, Vanessa Marshall, Gregg Berger, Wally Wingert, Audrey Wasilewski, Jason Marsden, Fred Tatasciore, Stephen Stanton, Jennifer Darling, Neil Ross, Greg Eagles, Cathy Cavadini, David Michie, Greg Finley","South Korea, United States","January 1, 2020",2009,78 min
Al acecho,Francisco D'Eufemia,"Rodrigo de la Serna, Belen Blanco, Walter Jakob, Facundo Aquinos, Patricia Calisaya",Argentina,"January 12, 2021",2019,81 min
She's Out of My League,Jim Field Smith,"Jay Baruchel, Alice Eve, T.J. Miller, Mike Vogel, Nate Torrence, Krysten Ritter, Geoff Stults, Lindsay Sloane, Andrew Daly, Jasika Nicole, Kyle Bornheimer",United States,"July 1, 2021",2010,106 min
A Thousand Goodnights,,"Cindy Lien, Nicholas Teo, Yao Ai-ning, Li Chung-lin, Chen Bor-jeng, Miao Ke-li",Taiwan,"June 1, 2019",2019,1 Season
StartUp,,"Adam Brody, Edi Gathegi, Otmara Marrero, Martin Freeman, Ron Perlman, Addison Timlin, Mira Sorvino",United States,"May 4, 2021",2018,3 Seasons
Schulz Saves America,Alexx Media,Andrew Schulz,United States,"December 17, 2020",2020,1 Season
Life of An Outcast,Pawan K Shrivastava,"Ravi Bhushan Bhartiya, Shalini Mohan, Bhaskar Jha, Manohar Pandey, Siddharth Bharadwaj, Jay Shanker Pandey, Deepak Jha, Komal Singh",India,"February 25, 2019",2018,80 min
Hillbilly Elegy,Ron Howard,"Amy Adams, Glenn Close, Gabriel Basso, Haley Bennett, Freida Pinto, Bo Hopkins, Owen Asztalos",United States,"November 24, 2020",2020,117 min
Kannum Kannum Kollaiyadithaal,Desingh Periyasamy,"Dulquer Salmaan, Ritu Varma, Rakshan, Niranjani, Gautham Menon, Anish Kuruvilla",India,"March 29, 2020",2020,160 min
George Lopez: We'll Do It For Half,Troy Miller,George Lopez,United States,"June 30, 2020",2020,52 min
Naruto,Hayato Date,"Junko Takeuchi, Chie Nakamura, Noriaki Sugiyama, Kazuhiko Inoue, Toshihiko Seki, Hidekatsu Shibata, Masako Katsuki, Nana Mizuki",Japan,"September 1, 2019",2006,9 Seasons
The 4th Company,"Mitzi Vanessa Arreola, Amir Galvan Cervera","Adrian Ladron, Andoni Gracia, Hernán Mendoza, Gabino Rodríguez, Darío T. Pie, Manuel Ojeda","Mexico, Spain","April 6, 2018",2016,117 min
Killa,Avinash Arun,"Amruta Subhash, Archit Deodhar, Parth Bhalerao, Gaurish Gawade, Atharva Upasni, Swandand Raikar, Shrikant Yadav, Umesh Jagtap, Shivalati Bokil, Jui Kahate",India,"April 1, 2017",2014,107 min
Saheb Bibi Golaam,Pratim D. Gupta,"Anjan Dutt, Swastika Mukherjee, Ritwick Chakraborty, Parno Mittra, Bikram Chatterjee, Sohag Sen, Sumanta Mukherjee, Arun Mukhopadhyay",India,"January 1, 2017",2016,118 min
Mobile Suit Gundam UC,,"Kouki Uchiyama, Ayumi Fujimura, Hiro Shimono, Haruka Tomatsu, Daisuke Namikawa, Megumi Toyoguchi, Yuhko Kaida, Shuichi Ikeda, Tetsuya Kakihara",Japan,"September 20, 2018",2014,1 Season
Yanda Kartavya Aahe,Kedar Shinde,"Ankush Choudhary, Smita Shewale, Mohan Joshi, Atmaram Bhende, Asha Bhende",India,"January 1, 2018",2006,151 min
The Pursuit,John Papola,Arthur Brooks,United States,"August 7, 2019",2019,76 min
Ordinary Heroes,,"Giorgio Tirabassi, Marco Bocci, Cristiana Capotondi, Greta Scarano, Michela Cescon, Diane Fleri, Carlo Calderone, Claudio Gioè, Romina Mondello, Orlando Cinque, Luigi Maria Burruano, Riccardo Scamarcio, Lorenza Indovina, Ivana Lotito, Pierfrancesco Poggi, Marco Leonardi, Anna Ferruzzo, Peppino Mazzotta, Giorgio Marchesi",,"October 11, 2018",2018,1 Season
Ingobernable,,"Kate del Castillo, Eréndira Ibarra, Alberto Guerra, Erik Hayser, Luis Roberto Guzmán, Álvaro Guerrero, Aida López, Fernando Luján, Maxi Iglesias, Marianna Burelli, Maria del Carmen Farías, Tamara Mazarraza, Marina de Tavira, Marco Antonio Treviño, Alicia Jaziz, Harold Torres, Alessio Valentini, Diego Cadavid, Hernán Del Riego",Mexico,"September 14, 2018",2018,2 Seasons
Hulk Vs.,"Sam Liu, Frank Paur","Fred Tatasciore, Matthew Wolf, Graham McTavish, Grey DeLisle, Kari Wahlgren, Bryce Johnson, Janyse Jaud, Jay Brazeau, Jonathan Holmes, Paul Dobson, Michael Adamthwaite, French Tickner, Nicole Oliver, Qayam Devji, Steve Blum, Mark Acheson, Colin Murdock, Nolan North, Tom Kane",United States,"June 1, 2020",2009,83 min
Step Sisters,Charles Stone III,"Megalyn Echikunwoke, Eden Sher, Lyndon Smith, Gage Golightly, Matt McGorry, Marque Richardson, Alessandra Torresani, Naturi Naughton, Nia Jervier, Robert Curtis Brown",United States,"January 19, 2018",2018,108 min
Invisible City,,"Marco Pigossi, Alessandra Negrini, Fábio Lago, Jéssica Córes, Jimmy London, Wesley Guimarães, Áurea Maranhão, Julia Konrad, Thaia Perez, Manu Dieguez, José Dumont, Tainá Medina, Rafael Sieg, Samuel de Assis, Victor Sparapane",Brazil,"February 5, 2021",2021,1 Season
Anwar,Manish Jha,"Siddharth Koirala, Nauheed Cyrusi, Manisha Koirala, Rajpal Yadav, Yashpal Sharma, Vijay Raaz, Hiten Tejwani, Sudhir Pandey, Sanjay Mishra, Lalit Tiwari",India,"December 31, 2019",2007,134 min
Grandmother's Farm Part 2,Ahmed Zein,"Mansour Al Felei, Saeed Al-Sheryani, Yaser Alneyadi, Khaled Al-Nuaimi, Abdullah Al Hamiri, Abdullah Al-Ramsi, Salama Almazrouei, Am Rashed, Aisha Al Suwaidi, Muhammed Murshed",United Arab Emirates,"May 28, 2020",2015,80 min
Degrassi: Next Class,Stefan Brogren,"Amanda Arcuri, Amir Bageria, Soma Bhatia, Jamie Bloch, Stefan Brogren, Chelsea Clark, Reiya Downs, Ana Golja, Nikki Gould, Ricardo Hoyos, Ehren Kassam, Andre Kim, Lyle Lettau, Spencer MacPherson, Eric Osborne, Dante Scott, Olivia Scriven, Sara Waisglass, Richard Walters",Canada,"July 7, 2017",2017,4 Seasons
Small Town Crime,"Eshom Nelms, Ian Nelms","John Hawkes, Anthony Anderson, Octavia Spencer, Robert Forster, Clifton Collins Jr., Jeremy Ratchford, James Lafferty, Michael Vartan, Daniel Sunjata, Don Harvey, Stefanie Scott, Caity Lotz, Dale Dickey",United States,"May 19, 2021",2017,92 min
Greater,David Hunt,"Neal McDonough, Leslie Easterbrook, Christopher Severio, Michael Parks, Nick Searcy, Peter Gray Lewis, Fredric Lehne, M.C. Gainey, Texas Battle, Josh Emerson",United States,"March 31, 2020",2016,131 min
Heaven Official's Blessing,,"Jiang Guangtao, Ma Zhengyang, Wen Sen, Hu Liangwei, Huang Ying",China,"April 9, 2021",2020,1 Season
Swami Baba Ramdev: The Untold Story,,"Naman Jain, Kranti Prakash Jha, Tej Sapru, Chetan Pandit, Hitesh Bhardwaj, Sadhil Kapoor",,"May 1, 2018",2018,1 Season
Once in a Lifetime Sessions with Snow Patrol,Matt Askem,"Gary Lightbody, Nathan Connolly, Jonny Quinn, Paul Wilson, Johnny McDaid, Edith Bowman",United States,"December 15, 2018",2018,83 min
"Coronavirus, Explained",,,United States,"April 26, 2020",2020,1 Season
Prime Time,Jakub Piątek,"Bartosz Bielenia, Magdalena Popławska, Andrzej Kłak, Małgorzata Hajewska, Dobromir Dymecki, Monika Frajczyk, Cezary Kosiński, Adam Nawojczyk, Juliusz Chrząstowski",,"June 30, 2021",2021,92 min
GAME ON: A Comedy Crossover Event,,"Loretta Devine, Tia Mowry-Hardrict, Anthony Alabi, Paul Wight, Allison Munn, Gabriel Iglesias, Sherri Shepherd, Paulina Chávez, Jencarlos Canela",United States,"August 10, 2020",2020,1 Season
AK vs AK,Vikramaditya Motwane,"Anil Kapoor, Anurag Kashyap",India,"December 25, 2020",2020,109 min
Filosofi Kopi The Movie,Angga Dwimas Sasongko,"Chicco Jerikho, Rio Dewanto, Julie Estelle, Jajang C. Noer, Slamet Rahardjo, Otig Pakis, Arash Buana, Hazel Raditya, Dimas Harya, Westny Dj",Indonesia,"October 11, 2018",2015,118 min
Taare Zameen Par,Aamir Khan,"Aamir Khan, Darsheel Safary, Tanay Chheda, Tisca Chopra, Vipin Sharma, Girija Oak, M.K. Raina",India,"April 17, 2021",2007,162 min
Macchli Jal Ki Rani Hai,Debaloy Dey,"Swara Bhaskar, Bhanu Uday, Murli Sharma, Deep Raj Rana, Reema Debnath, Hemant Pandey, Saurabh Dubey, Sakha Kalyani",India,"October 15, 2017",2014,118 min
Zoot Suit,Luis Valdez,"Daniel Valdez, Edward James Olmos, Charles Aidman, Tyne Daly, John Anderson, Abel Franco, Mike Gomez, Francis X. McCarthy, Alma Martínez, Lupe Ontiveros, Tony Plana",United States,"April 15, 2021",1981,103 min
Cave,Henrik Martin Dahlsbakken,"Heidi Toini, Benjamin Helstad, Mads Sjogard Pettersen, Ingar Helge Gimle",Norway,"June 15, 2017",2016,77 min
Moonwalkers,Antoine Bardou-Jacquet,"Ron Perlman, Rupert Grint, Robert Sheehan, Stephen Campbell Moore, Eric Lampaert, Kevin Bishop, Tom Audenaert, Erika Sainte","France, Belgium","September 8, 2017",2015,96 min
The Sound of Your Heart: Reboot,,"Sung Hoon, Kwon Yuri, Tae Hang-ho, Joo Jin-mo, Shim Hye-jin, Ji Su-won, Park Cheol-min, Kim Seong-won, Kang Yoon, Seo Eun-ah, Bae Yoon-kyung",South Korea,"December 3, 2018",2018,2 Seasons
Deuces,Jamal Hill,"Larenz Tate, Meagan Good, Lance Gross, Antonique Smith, La La Anthony, Rick Gonzalez, Rotimi, Andra Fuller",United States,"April 1, 2017",2016,88 min
Bill Burr: Paper Tiger,Mike Binder,Bill Burr,"United States, United Kingdom","September 10, 2019",2019,67 min
Yasuke,,"LaKeith Stanfield, Takehiro Hira, Maya Tanida, Ian Chen, Gwendoline Yeo, Ming-Na Wen, Noshir Dalal, Paul Nakauchi, Darren Criss, Dia Frampton, William Christopher Stephens, Julie Marcus, Greg Chun, Dan Donohue, Johnny Yong Bosch, Michael Sinterniklaas, Amy Hill, Emily Woo Zeller, Keone Young",,"April 29, 2021",2021,1 Season
My Fuhrer,Dani Levy,"Helge Schneider, Ulrich Mühe, Sylvester Groth, Adriana Altaras, Stefan Kurt, Ulrich Noethen, Lambert Hamel, Udo Kroschwald, Torsten Michaelis, Axel Werner",Germany,"May 7, 2018",2007,91 min
Nila,Selvamani Selvaraj,"Sruthi Hariharan, Vicky R",India,"March 1, 2017",2016,94 min
The Jungle Book,,"Emma Tate, Jimmy Hibbert, Sam Gold, David Holt, Joseph J. Terry","India, Germany, France","May 11, 2019",2010,1 Season
Deadly Scholars,Danny J. Boyle,"Kennedy Lea Slocum, Corey Fogelmanis, Alexa Mansour, Peyton Clark, Sheryl Lee, Sherri Saum, Eric Stanton Betts, Paris Berelc, Pedro Correa, Alissa Latow",United States,"February 15, 2019",2018,86 min
Highly Strung,Scott Hicks,,Australia,"February 1, 2017",2015,80 min
Vai Anitta,,Anitta,Brazil,"November 16, 2018",2018,1 Season
Lagos Real Fake Life,Mike Ezuruonye,"Nonso Diobi, Mike Ezuruonye, Mercy Aigbe, Rex Nosa, Annie Macaulay Idibia, Ik Ogbonna, Nedu Wazobia, Uzee Usman, Odunlade Adekola, Mr Jollof, Efe Irele, Josh 2 Funny, Haillie Sumney, Emmanuella, MC Lively",,"November 29, 2019",2018,118 min
This Was Tomorrow,Wim Bonte,,Belgium,"December 15, 2015",2015,77 min
Keymon and Nani in Space Adventure,,,,"April 20, 2021",2013,76 min
YOM,,"Sairaj, Devyani Dagaonkar, Ketan Singh, Mayur Vyas, Ketan Kava",,"June 7, 2018",2016,1 Season
Blood Father,Jean-François Richet,"Mel Gibson, Erin Moriarty, Diego Luna, Michael Parks, William H. Macy, Miguel Sandoval, Dale Dickey, Richard Cabral, Daniel Moncada, Ryan Dorsey",France,"March 26, 2020",2016,88 min
Vitti Dandu,Ganesh Kadam,"Dilip Prabhavalkar, Ashok Samarth, Yatin Karyekar, Nishant Bhavsar, Mrunal Thakur, Vikas Kadam, Utpal Sawant, Ravindra Mankani, Shubhankar Atre, Charudatta Bhagwat",India,"July 15, 2017",2014,116 min
Death by Magic,,Drummond Money-Coutts,United States,"November 30, 2018",2018,1 Season
Bullet Head,"Paul Solet, Rick Benattar","Adrien Brody, John Malkovich, Rory Culkin, Antonio Banderas, Ori Pfeffer, Alexandra Dinu, Owen Davis, Deyan Petrov","Bulgaria, United States","March 7, 2018",2017,94 min
S.W.A.T.,Clark Johnson,"Samuel L. Jackson, Colin Farrell, Michelle Rodriguez, LL Cool J, Josh Charles, Jeremy Renner, Brian Van Holt, Olivier Martinez, Reg E. Cathey, Larry Poindexter, Page Kennedy, Domenick Lombardozzi, James DuMont",United States,"January 1, 2021",2003,117 min
Medium,Jacek Koprowicz,"Władysław Kowalski, Michał Bajor, Jerzy Zelnik, Jerzy Stuhr, Grażyna Szapołowska, Jerzy Nowak, Ewa Dałkowska, Piotr Machalica, Zygmunt Zintel, Henryk Bista","Poland, West Germany","October 1, 2019",1985,90 min
Grizzlies,Miranda de Pencier,"Ben Schnetzer, Emerald MacDonald, Booboo Stewart, Will Sasso, Paul Nutarariaq, Ricky Marty-Pahtaykan, Tantoo Cardinal, Eric Schweig",Canada,"December 15, 2020",2018,106 min
Skylanders Academy,,"Justin Long, Ashley Tisdale, Jonathan Banks, Chris Diamantopoulos, Bobcat Goldthwait, Richard Steven Horvitz, Norm MacDonald, Daniel Middleton, Catherine O'Hara, Parker Posey, Jonny Rees, Jason Ritter, Susan Sarandon, Harland Williams, Daniel Wu, Dee Bradley Baker, Chris Cox, Jim Cummings, Felicia Day, John DiMaggio, Grey Griffin","South Korea, United States","September 28, 2018",2018,3 Seasons
The Longshots,Fred Durst,"Ice Cube, Keke Palmer, Tasha Smith, Jill Marie Jones, Dash Mihok, Matt Craven, Glenn Plummer, Garrett Morris, Miles Chandler, Malcolm Goodwin",United States,"January 30, 2019",2008,95 min
Derek,,"Ricky Gervais, Kerry Godliman, Karl Pilkington, David Earl, Kay Noone, Tim Barlow, Arthur Nightingale, Sheila Collings, Margaret Towner, Barry Martin, Prem Modgil, Blanche Williams, Ninette Finch, Brett Goldstein, Ruth Bratt, Holli Dempsey",United Kingdom,"April 5, 2019",2015,3 Seasons
Project Power,"Henry Joost, Ariel Schulman","Jamie Foxx, Joseph Gordon-Levitt, Dominique Fishback, Rodrigo Santoro, Courtney B. Vance, Amy Landecker, Machine Gun Kelly, Tait Fletcher, Allen Maldonado, Andrene Ward-Hammond",United States,"August 14, 2020",2020,113 min
Two Fathers,,"Weber Yang, Lin Yo-Wei, Megan Lai, Amanda Chou, Lucia Xie, Cherry Leung",Taiwan,"August 3, 2021",2013,1 Season
The Boy,William Brent Bell,"Jim Norton, Rupert Evans, Ben Robson, Lauren Cohan, James Russell, Jett Klyne, Diana Hardcastle","United States, Canada, China","June 1, 2020",2016,97 min
Go! Go! Cory Carson: Chrissy Takes the Wheel,"Alex Woo, Stanley Moore","Maisie Benson, Paul Killam, Kerry Gudjohnsen, AC Lim",,"September 21, 2021",2021,61 min
Naughty Jatts,Pankaj Batra,"Neeru Bajwa, Binnu Dhillon, Arya Babbar, Roshan Prince, B.N. Sharma, Karamjit Anmol, Harby Sangha",India,"October 1, 2018",2013,121 min
Murder Party,Jeremy Saulnier,"Alex Barnett, Macon Blair, Paul Goldblatt, Stacy Rock, William Lacey, Beau Sia, Skei Saulnier, Chris Sharp, Bill Tangradi",United States,"September 1, 2018",2007,79 min
TUNA GIRL,Mana Yasuda,"Fuka Koshiba, Tom Fujita, Hidetoshi Hoshida, Hiroto Kanai, Ryosuke Yusa, Shuri Tanaka, Chal Inoue, Takashi Taniguchi, Takeshi Masu",Japan,"September 28, 2019",2019,90 min
The Silence of Others,"Almudena Carracedo, Robert Bahar",,"Spain, France, Canada, United States","July 1, 2020",2019,96 min
Brick Mansions,Camille Delamarre,"Paul Walker, David Belle, RZA, Gouchy Boy, Catalina Denis, Ayisha Issa, Carlo Rota, Andreas Apergis, Richard Zeman, Robert Maillet","France, Canada, United States, Spain","July 7, 2021",2014,90 min
Growing up and other problems,Clara Martínez-Lázaro,"Silvia Alonso, Bárbara Goenaga, María Esteve, Vito Sanz, Francesco Carril",Spain,"February 11, 2021",2018,91 min
Knowing,Alex Proyas,"Nicolas Cage, Chandler Canterbury, Rose Byrne, Lara Robinson, D.G. Maloney, Nadia Townsend, Alan Hopgood, Adrienne Pickering","United States, United Kingdom, Australia","October 1, 2019",2009,121 min
Di Renjie zhi Sidatianwang,Hark Tsui,"Mark Chao, Feng Shaofeng, Kenny Lin, Carina Lau, Ethan Juan, Sandra Ma","China, Hong Kong","February 6, 2019",2018,132 min
Chal Bhaag,Prakash Balwant Saini,"Deepak Dobriyal, Tarun Bajaj, Keeya Khanna, Varun Mehra, Sanjay Mishra, Yashpal Sharma, Mukesh Tiwari, Atul Srivastava, Manish Khanna, Kunwar Aziz",India,"December 1, 2018",2014,110 min
Jen Kirkman: Just Keep Livin’?,Lance Bangs,Jen Kirkman,United States,"January 3, 2017",2017,69 min
Butterfield 8,Daniel Mann,"Elizabeth Taylor, Laurence Harvey, Eddie Fisher, Dina Merrill, Mildred Dunnock, Betty Field, Jeffrey Lynn, Susan Oliver",United States,"November 1, 2019",1960,108 min
Philomena,Stephen Frears,"Judi Dench, Steve Coogan, Sophie Kennedy Clark, Mare Winningham, Barbara Jefford, Ruth McCabe, Peter Hermann, Sean Mahon, Anna Maxwell Martin, Michelle Fairley, Kate Fleetwood","United Kingdom, United States, France","March 22, 2021",2013,98 min
JJ+E,Alexis Almström,"Elsa Öhrn, Mustapha Aarab, Jonay Pineda Skallak, Magnus Krepper, Loreen, Albin Grenholm, Simon Mezher, Elsa Bergström Terent, Josef Kadim, Yohannes Frezgi",,"September 8, 2021",2021,91 min
RUSSELL BRAND: RE:BIRTH,Chris Howe,Russell Brand,,"December 4, 2018",2018,63 min
Bobby,Raj Kapoor,"Rishi Kapoor, Dimple Kapadia, Pran, Prem Nath, Sonia Sahni, Durga Khote, Aruna Irani, Prem Chopra, Farida Jalal",India,"December 31, 2019",1973,168 min
West Coast Customs,,"Ryan Friedlinghaus, Hunter Clancey",United States,"October 15, 2017",2015,6 Seasons
Love & Anarchy,,"Ida Engvoll, Björn Mosten, Carla Sehn, Reine Brynolfsson, Gizem Erdogan, Björn Kjellman, Ruben Lopez, Johannes Kuhnke, Elsa Agemalm Reiland, Benjamin Shaps, Disa Östrand, Ejke Blomberg, Lars Väringer",Sweden,"November 4, 2020",2020,1 Season
Krish Trish and Baltiboy: Comics of India,Tilak Shetty,"Damandeep Singh Baggan, Smita Malhotra, Baba Sehgal",,"September 8, 2017",2012,61 min
Buried by the Bernards,,,United States,"February 12, 2021",2021,1 Season
The Untold Tales of Armistead Maupin,Jennifer M. Kroot,"Armistead Maupin, Neil Gaiman, Laura Linney, Ian McKellen, Amy Tan, Margaret Cho, Jonathan Groff, Amanda Palmer",United States,"November 1, 2018",2017,91 min
Hyori's Bed & Breakfast,,"Hyo-ri Lee, Sang-soon Lee, Ji-eun Lee",,"March 29, 2018",2018,2 Seasons
Valentine's Day,Garry Marshall,"Jessica Alba, Kathy Bates, Jessica Biel, Bradley Cooper, Eric Dane, Patrick Dempsey, Hector Elizondo, Jamie Foxx, Jennifer Garner, Topher Grace, Anne Hathaway, Ashton Kutcher, Queen Latifah, Taylor Lautner, George Lopez, Shirley MacLaine, Emma Roberts, Julia Roberts, Taylor Swift",United States,"August 1, 2021",2010,125 min
Alpha and Omega: The Legend of the Saw Tooth Cave,Richard Rich,"Debi Derryberry, Ben Diskin, Kate Higgins, Lindsay Torrance, Larry Thomas, Bill Lader, Cindy Robinson","United States, India","January 1, 2020",2014,45 min
Nailed It! Germany,,"Angelina Kirsch, Bernd Siefert",Germany,"January 17, 2020",2020,1 Season
LEGO House - Home of the Brick,"Anders Falck, Stinus Morell Vithner",Bjarke Ingels,,"June 15, 2018",2018,48 min
Dark Places,Gilles Paquet-Brenner,"Charlize Theron, Nicholas Hoult, Chloë Grace Moretz, Tye Sheridan, Sterling Jerins, Corey Stoll, Christina Hendricks, Drea de Matteo, Sean Bridgers, Andrea Roth","United States, United Kingdom, France","July 26, 2018",2015,113 min
Hajwala 2: Mysterious Mission,"Ibrahim Bin Mohamed, Hasan Aljaberi","Hussain Al Hosani, Ali Almarzouqi, Abdullah Al Yousef, Omar Al Hafidh, Meral Niazi, Yaser Hassan, Fatema Almansoori, Ahmed El Mohammdi",United Arab Emirates,"March 8, 2019",2018,116 min
Squid Game,,"Lee Jung-jae, Park Hae-soo, Wi Ha-jun, Oh Young-soo, Jung Ho-yeon, Heo Sung-tae, Kim Joo-ryoung, Tripathi Anupam, You Seong-joo, Lee You-mi",,"September 17, 2021",2021,1 Season
Christmas Survival,James Dearden,"Julian Ovenden, Gemma Whelan, Joely Richardson, Michael Landes, Sally Phillips, Patricia Hodge, Ronni Ancona, James Fox, Sophie Simnett, Jade Ma",United Kingdom,"November 1, 2019",2018,101 min
Rudra: The Rise of King Pharaoh,,"Shailendra Pandey, Rohan, Mukesh Pandey, Bhakti, Shalini, Ghanshyam Shukla, Sabina Malik",,"April 20, 2021",2019,91 min
"Jim & Andy: The Great Beyond - Featuring a Very Special, Contractually Obligated Mention of Tony Clifton",Chris Smith,Jim Carrey,"Canada, United States","November 17, 2017",2017,94 min
"Septiembre, un llanto en silencio",Kenneth Müller,"Saúl Lisazo, Mario Zaragoza, Juan Pablo Olyslager, Costanza Andrade",Guatemala,"March 10, 2018",2017,69 min
Freaks,"Adam B. Stein, Zach Lipovsky","Emile Hirsch, Bruce Dern, Lexy Kolker, Grace Park, Amanda Crew, Aleks Paunovic, Michelle Harrison","United States, Canada","March 3, 2020",2018,105 min
The Hunt,,David Attenborough,United Kingdom,"May 14, 2017",2015,1 Season
Justice,Richard Gabai,"Nathan Parsons, Jamie-Lynn Sigler, Ellen Hollman, John Lewis, Niko Foster, Quinton Aaron, Jackson Rathbone, Robert Carradine, Lesley-Anne Down, Stephen Lang",United States,"February 1, 2020",2017,92 min
Fate: The Winx Saga - The Afterparty,,"David Spade, London Hughes, Fortune Feimster, Abigail Cowen, Hannah Van Der Westhuysen, Precious Mustapha, Eliot Salt, Elisha Applebaum",United Kingdom,"February 20, 2021",2021,36 min
We Are Young. We Are Strong.,Burhan Qurbani,"Jonas Nay, Trang Le Hong, Devid Striesow, Joel Basman, Saskia Rosendahl, Paul Gäbler, David Schütter, Jakob Bieber, Swantje Kohlhof, Mai Duong Kieu",Germany,"January 15, 2017",2014,123 min
Remember,Atom Egoyan,"Christopher Plummer, Bruno Ganz, Jürgen Prochnow, Heinz Lieven, Henry Czerny, Dean Norris, Martin Landau","Canada, Mexico, Germany, South Africa","July 26, 2018",2015,95 min
Rebellion,,"Charlie Murphy, Ruth Bradley, Sarah Greene, Brian Gleeson, Michelle Fairley, Ian McElhinney, Michael Ford-FitzGerald, Paul Reid, Barry Ward, Tom Turner, Perdita Weeks, Andrew Simpson, Sophie Robinson",Ireland,"August 27, 2021",2016,2 Seasons
Mandobasar Galpo,Tathagata Banerjee,"Paoli Dam, Parambrata Chattopadhyay, Indrasish Roy, Koushik Sen, Biswajit Chakraborty",India,"April 1, 2018",2017,103 min
Blood Brothers: Malcolm X & Muhammad Ali,Marcus Clarke,"Malcolm X, Muhammad Ali",,"September 9, 2021",2021,96 min
Shiva VS Autobots,Suhas Kadav,,,"April 13, 2021",2018,80 min
Someone Has to Die,Manolo Caro,"Carmen Maura, Cecilia Suárez, Ester Expósito, Ernesto Alterio, Alejandro Speitzer, Isaac Hernández, Carlos Cuevas, Mariola Fuentes, Pilar Castro, Juan Carlos Vellido, Eduardo Casanova, Manuel Morón, Javier Pereira","Mexico, Spain","October 16, 2020",2020,1 Season
"Big Dreams, Small Spaces",,Monty Don,United Kingdom," July 26, 2019",2017,3 Seasons
The Happytime Murders,Brian Henson,"Melissa McCarthy, Elizabeth Banks, Maya Rudolph, Bill Barretta, Leslie David Baker, Joel McHale, Dorien Davies, Cynthy Wu, Michael McDonald, Mitch Silpa","United States, China, Canada","December 1, 2020",2018,91 min
Halston,Daniel Minahan,"Ewan McGregor, Bill Pullman, Rebecca Dayan, David Pittu, Krysta Rodriguez, Rory Culkin, Vera Farmiga, Gian Franco Rodriguez, Sullivan Jones, Kelly Bishop, Dilone, James Waterston, Jason Kravits, Mary Beth Peil",United States,"May 14, 2021",2021,1 Season
Buddi,,"Greta Jameson, Ralf Jameson, Clementine Laikin, Felix Laikin","United Kingdom, China","September 11, 2020",2020,2 Seasons
Lo and Behold: Reveries of the Connected World,Werner Herzog,Werner Herzog,United States,"December 23, 2016",2016,98 min
Messiah,,"Michelle Monaghan, Mehdi Dehbi, John Ortiz, Tomer Sisley, Melinda Page Hamilton, Stefania LaVie Owen, Sayyid El Alami, Jane Adams, Wil Traval, Fares Landoulsi",United States,"January 1, 2020",2020,1 Season
My Babysitter's a Vampire: The Movie,Bruce McDonald,"Matthew Knight, Vanessa Morgan, Atticus Mitchell, Cameron Kennedy, Kate Todd, Joe Dinicol, Ella Jonas Farlinger, Ari Cohen, Laura de Carteret, Hrant Alianak",Canada,"October 17, 2018",2010,80 min
I Got the Hook Up,Michael Martin,"Master P, Anthony Johnson, Gretchen Palmer, Frantz Turner, Richard Keats, Joe Estevez, William Knight, Anthony Boswell, Tommy 'Tiny' Lister, Helen Martin, John Witherspoon, Mia X",United States,"September 1, 2021",1998,93 min
Green Zone,Paul Greengrass,"Matt Damon, Greg Kinnear, Brendan Gleeson, Amy Ryan, Khalid Abdalla, Jason Isaacs, Said Faraj, Michael O'Neill, Igal Naor, Raad Rawi","United Kingdom, France, Spain, United States","May 1, 2021",2010,115 min
Feminists: What Were They Thinking?,Johanna Demetrakas,,United States,"October 12, 2018",2018,86 min
Euphoria,Valeria Golino,"Riccardo Scamarcio, Valerio Mastandrea, Isabella Ferrari, Valentina Cervi, Jasmine Trinca, Andrea Germani, Marzia Ubaldi, Iaia Forte",Italy,"November 1, 2019",2018,110 min
Umrika,Prashant Nair,"Suraj Sharma, Tony Revolori, Smita Tambe, Adil Hussain, Rajesh Tailang, Prateik Babbar, Pramod Pathak, Amit Sial, Sauraseni Maitra",India,"October 1, 2016",2015,96 min
Back and Forth,José Eduardo Belmonte,"Ingrid Guimarães, Fábio Assunção, Alice Braga, Rosanne Mulholland, Caroline Abras, João Assunção",Brazil,"January 5, 2017",2016,95 min
Operator,Logan Kibens,"Martin Starr, Mae Whitman, Nat Faxon, Cameron Esposito, Retta, Christine Lahti, Kate Cobb, Kristopher Lofton, Tim Hopper, Trevor Dawkins",United States,"February 16, 2017",2016,91 min
An American Tail,Don Bluth,"Erica Yohn, Nehemiah Persoff, Amy Green, Phillip Glasser, Christopher Plummer, John Finnegan, Will Ryan, Hal Smith, Dom DeLuise, Madeline Kahn",United States,"April 1, 2018",1986,80 min
FullMetal Alchemist,Fumihiko Sori,"Ryosuke Yamada, Tsubasa Honda, Dean Fujioka, Misako Renbutsu, Kanata Hongo, Shinji Uchiyama, Jun Kunimura, Yo Oizumi, Ryuta Sato, Fumiyo Kohinata, Yasuko Matsuyuki",Japan,"February 19, 2018",2017,134 min
Mugamoodi,Mysskin,"Jiiva, Pooja Hegde, Narain, Nasser, Girish Karnad, Anupama Kumar, Selvaah",India,"October 1, 2018",2012,150 min
Bana Masal Anlatma,Burak Aksak,"Hande Doğandemir, Fatih Artman, Devrim Yakut, Cengiz Bozkurt, Erdal Tosun, Berat Yenilmez, Ercan Yazgan, Sadi Celil Cengiz, Cihan Ercan, Burcu Biricik, Tarık Ünlüoğlu, Gürkan Uygun, Gökçe Bahadır",Turkey,"March 10, 2017",2015,103 min
White Gold,,"Ed Westwick, James Buckley, Joe Thomas, Lauren O'Rourke, Linzey Cocker, Nigel Lindsay, Lloyd Hutchinson, Lee Ross",United Kingdom,"May 17, 2019",2019,2 Seasons
Our Souls at Night,Ritesh Batra,"Robert Redford, Jane Fonda, Bruce Dern, Matthias Schoenaerts, Iain Armitage, Judy Greer, Phyllis Somerville",United States,"September 29, 2017",2017,103 min
High Strung Free Dance,Michael Damian,"Juliet Doherty, Thomas Doherty, Jane Seymour, Harry Jarvis, Joshua Sinclair-Evans, Ace Bhatti, Desmond Richardson, Kika Markham","Romania, United States","May 31, 2020",2019,104 min
Shadow of Truth,,,Israel,"January 27, 2017",2016,1 Season
LEGO Marvel Spider-Man: Vexed by Venom,"Andrew Duncan, Ken Cunningham","Robbie Daymond, Ben Pronsky, Josh Keaton, Tara Strong, Jennifer Hale, Laura Bailey",United States,"March 1, 2021",2019,22 min
Rainbow Time,Linas Phillips,"Linas Phillips, Melanie Lynskey, Timm Sharp, Tobin Bell, Jay Duplass, Lauren Weedman, Artemis Pebdani, Reagan Yates, Austin Fryberger",United States,"December 1, 2016",2016,92 min
Remember Me,Allen Coulter,"Robert Pattinson, Emilie de Ravin, Chris Cooper, Lena Olin, Pierce Brosnan, Tate Ellington, Ruby Jerins, Gregory Jbara, Meghan Markle",United States,"August 1, 2020",2010,112 min
Ainori Love Wagon: Asian Journey,,"Becky, Audrey, Mayuko Kawakita, Shimon Okura",Japan,"March 28, 2019",2018,2 Seasons
Sam Kinison: The Scream Continues,,Sam Kinison,United States,"December 31, 2018",2016,29 min
Living Undocumented,,,United States,"October 2, 2019",2019,1 Season
Marc Maron: End Times Fun,Lynn Shelton,Marc Maron,United States,"March 10, 2020",2020,71 min
The Parole Officer,John Duigan,"Steve Coogan, Emma Gilmour, Susan Jane Tanner, Iain Mitchell, James Smith, Om Puri, Steven Waddington, Ben Miller, Lena Headey, Jenny Agutter",United Kingdom,"August 1, 2018",2001,94 min
Hap and Leonard,,"James Purefoy, Michael Kenneth Williams, Jimmi Simpson, Bill Sage, Christina Hendricks, Pollyanna McIntosh, Jeff Pope, Neil Sandilands, Henry G. Sanders, Enrique Murciano",United States,"June 19, 2021",2018,3 Seasons
Queen of No Marriage,,"Ethan Juan, Cheryl Yang, Harry Chang, Sylvia Yang, James Wen, Patrick Lee",Taiwan,"August 1, 2016",2009,1 Season
Falsa identidad,,"Luis Ernesto Franco, Camila Sodi, Sergio Goyri, Samadhi Zendejas, Eduardo Yáñez, Sonya Smith, Alejandro Camacho, Azela Robinson, Uriel del Toro, Géraldine Bazán, Gabriela Roel, Marcus Ornellas",Mexico,"September 22, 2021",2020,2 Seasons
Shiva: The Secret World Of Vedas City,Suhas Kadav,,,"April 13, 2021",2017,78 min
El club de los buenos infieles,,"Raúl Fernández, Fele Martínez, Juanma Cifuentes, Hovik Keuchkerian, Albert Ribalta, Jordi Vilches, Adrián Lastra, Raquel Salvador, Marta Brucart, Betsy Turnez",Spain,"July 19, 2018",2018,85 min
Schubert In Love,Lars Büchel,"Olaf Schubert, Mario Adorf, Marie Leuenberger, Jochen Barkas, Bert Stephan, Martina Hill, Christoph Jungmann, Luise Wolfram, Hildegard Schroedter, Imke Buchel",Germany,"March 1, 2018",2016,94 min
Jeff Dunham's Very Special Christmas Special,Michael Simon,"Jeff Dunham, Brian Haner",United States,"March 15, 2019",2008,85 min
"Fresh, Fried & Crispy",,,United States,"June 9, 2021",2021,1 Season
Ghost Patrol,Karen J. Lloyd,"Scott McNeil, Vincent Tong, Travis Turner, Shannon Chan-Kent, Lili Beaudoin",Canada,"October 1, 2017",2016,47 min
Chief of Staff,,"Lee Jung-jae, Shin Mina, Lee Elijah, Kim Dong-jun, Jung Jin-young, Kim Kap-soo, Jung Woong-in, Im Won-hee, Kim Hong-pa",South Korea,"November 12, 2019",2019,2 Seasons
All of You,Dan Villegas,"Jennylyn Mercado, Derek Ramsay, Yayo Aguila, Kean Cipriano, Nico Antonio, Enzo Marcos, Via Antonio, Hannah Ladesma",Philippines,"January 11, 2019",2017,104 min
What's Up?,Izidore K. Musallam,"Hisham Abdulrahman, Turki Al-Yusuf, Mais Hamdan, Khaled Sami, Mishal Al-Mutairi, Hind Muhamed","Saudi Arabia, United Arab Emirates","June 2, 2020",2006,95 min
The Last of the Schmucks,,"Chico, Ahmed Mekky, Hesham Maged, Bayoumi Fouad, Dina El-Sherbiny",Egypt,"February 7, 2019",2017,1 Season
Hum Aapke Hain Koun,Sooraj R. Barjatya,"Madhuri Dixit, Salman Khan, Mohnish Bahl, Renuka Shahane, Anupam Kher, Reema Lagoo, Alok Nath, Bindu",India,"February 1, 2020",1994,193 min
A Stoning in Fulham County,Larry Elikann,"Ken Olin, Jill Eikenberry, Maureen Mueller, Gregg Henry, Nicholas Pryor, Noble Willingham, Peter Michael Goetz, Ron Perlman, Theodore Bikel, Olivia Burnette, Bill Allen, Brad Pitt",United States,"October 1, 2011",1988,95 min
The Breaker Upperers,"Jackie van Beek, Madeleine Sami","Madeleine Sami, Jackie van Beek, James Rolleston, Celia Pacquola, Ana Scotney, Rima Te Wiata, Carl Bland, Brett O'Gorman, Cohen Holloway, Jemaine Clement",New Zealand,"February 15, 2019",2018,82 min
La Mante,,"Carole Bouquet, Fred Testot, Pascal Demolon, Manon Azem, Frédérique Bel, Élodie Navarre, Jacques Weber",France,"December 29, 2017",2017,1 Season
Suckseed,Chayanop Boonprakob,"Jirayu La-ongmanee, Pachara Chirathivat, Nattasha Nauljam, Thawat Pornrattanaprasert",Thailand,"September 5, 2018",2011,130 min
History's Greatest Hoaxes,,,Australia,"July 12, 2019",2016,1 Season
Aaviri,Ravi Babu,"Ravi Babu, Neha Chauhan, Sri Muktha, Bharani Shankar, Mukhtar Khan, Priya",India,"December 31, 2019",2019,110 min
The Great Train Robbery,,"Luke Evans, Jim Broadbent, Paul Anderson, Martin Compston, Neil Maskell, Jack Roth, George Costigan, Robert Glenister, Nick Moran, Tim Pigott-Smith, James Fox, James Wilby, Jack Gordon, Nicholas Murchie, Del Synnott, Richard Hope, John Salthouse",United Kingdom,"March 31, 2017",2013,1 Season
Laerte-se,"Lygia Barbosa da Silva, Eliane Brum",Laerte Coutinho,Brazil,"May 19, 2017",2017,101 min
Quincy,"Rashida Jones, Alan Hicks",Quincy Jones,United States,"September 21, 2018",2018,124 min
The Mess You Leave Behind,,"Inma Cuesta, Bárbara Lennie, Tamar Novas, Arón Piper, Roberto Enríquez, Roque Ruíz, Isabel Garrido, Fede Pérez, Alfonso Agra, Susana Dans, Xavier Estévez, Xosé Antonio Touriñán, María Tasende, Camila Bossa, María Costas, Abril Zamora, Chelo Falcón, Ana Santos, Mela Casal, César Cambeiro",Spain,"December 11, 2020",2020,1 Season
Life of Crime,Daniel Schechter,"Jennifer Aniston, Mos Def, Isla Fisher, Will Forte, Mark Boone Junior, Tim Robbins, John Hawkes, Clea Lewis, Charlie Tahan, Kevin Corrigan",United States,"June 15, 2021",2013,101 min
Stone Age,,"Samantha Moon, Nancy Kim, Jacqueline Youn, Mike Yantzi, Anna Paik, Matt Anipen, Josh Schwartzentruber",South Korea,"July 1, 2019",2017,1 Season
Oversize Cops,"Chanon Yingyong, Phuwanit Pholdee","Sarun Cinsuvapala, Pramote Pathan, Suphachai Subprasert, Somyos Matures, Supavitch Nepremwattana, Nachjaree Horvejkul, Jatupone Chompoonich, Chertsak Pratumseesakhon",Thailand,"March 23, 2019",2017,100 min
Theeya Velai Seyyanum Kumaru,Sundar C.,"Siddarth, Santhanam, Hansika Motwani, Ganesh Venkatraman, RJ Balaji, Bosskey, Manobala, Chitra Lakshmanan",India,"October 1, 2018",2013,132 min
Pac-Man and the Ghostly Adventures,,"Erin Mathews, Sam Vincent, Andrea Libman, Ashleigh Ball, Ian James Corlett, Brian Drummond, Lee Tockar, Matt Hill","United States, Japan, Canada","June 20, 2017",2014,2 Seasons
Everything About Her,Joyce Bernal,"Angel Locsin, Xian Lim, Vilma Santos, Michael De Mesa, Nonie Buencamino, Khalil Ramos, Devon Seron, Alexa Ilacad, Nor Domingo, Robert Villar",Philippines,"March 14, 2019",2016,127 min
Chhota Bheem Kungfu Dhamaka,"Rajiv Chilaka, Binayak Das","Sonal Kaushal, Rupa Bhimani, Jigna Bharadhwaj, Sabina Malik, Julie Tejwani, Rajesh Kava, Vaibhav Thakkar, Samriddhi Shuklaa, Aditya Raj Sharma, Vinod Kulkarni",India,"August 15, 2019",2019,112 min
Poseidon,Wolfgang Petersen,"Josh Lucas, Kurt Russell, Jacinda Barrett, Richard Dreyfuss, Emmy Rossum, Mía Maestro, Mike Vogel, Kevin Dillon, Freddy Rodríguez",United States,"September 1, 2021",2006,98 min
Silicon Cowboys,Jason Cohen,,United States,"April 1, 2017",2016,77 min
Message from the King,Fabrice Du Welz,"Chadwick Boseman, Luke Evans, Teresa Palmer, Alfred Molina, Natalie Martinez, Tom Felton, Dale Dickey, Sibongile Mlambo","United Kingdom, France, Belgium, United States","August 4, 2017",2017,103 min
Trailer Park Boys: Out of the Park: Europe,,"Mike Smith, John Paul Tremblay, Robb Wells",Canada,"October 28, 2016",2016,1 Season
Love Off the Cuff,Pang Ho-cheung,"Miriam Chin Wah Yeung, Shawn Yue, Paul Chun, Jiang Mengjie, Wang Xiao Chen, Siu Yam Yam, Kwok Cheung Tsang, Toby Lee, Dada Chan, Hugo Ng","China, Hong Kong","January 31, 2019",2017,120 min
American Anarchist,Charlie Siskel,William Powell,United States,"June 23, 2017",2016,81 min
Handsome Devil,John Butler,"Fionn O'Shea, Nicholas Galitzine, Andrew Scott, Michael McElhatton, Moe Dunford, Ruairí O'Connor, Jay Duffy, Mark Lavery, Jamie Hallahan, Ardal O'Hanlon, Amy Huberman",Ireland,"August 1, 2017",2016,95 min
Collateral Beauty,David Frankel,"Will Smith, Edward Norton, Kate Winslet, Michael Peña, Helen Mirren, Naomie Harris, Keira Knightley, Jacob Latimore, Ann Dowd, Liza Colón-Zayas",United States,"May 28, 2021",2016,97 min
Mortified Nation,Michael Mayer,,United States,"February 1, 2018",2013,84 min
Despite Everything,Gabriela Tagliavini,"Blanca Suárez, Macarena García, Amaia Salamanca, Belén Cuesta, Maxi Iglesias, Juan Diego, Joaquín Climent, Carlos Bardem, Emilio Gutiérrez Caba, Tito Valverde, Teresa Rabal, Rossy de Palma, Marisa Paredes",Spain,"May 3, 2019",2019,79 min
Fred Claus,David Dobkin,"Vince Vaughn, Paul Giamatti, John Michael Higgins, Miranda Richardson, Rachel Weisz, Kathy Bates, Trevor Peacock, Ludacris, Elizabeth Banks",United States,"January 1, 2021",2007,115 min
The Stepfather,Nelson McCormick,"Dylan Walsh, Sela Ward, Penn Badgley, Amber Heard, Sherry Stringfield, Paige Turco, Jon Tenney, Nancy Linehan Charles, Marcuis Harris, Braeden Lemasters, Deirdre Lovejoy",United States,"April 1, 2021",2009,102 min
Luck by Chance,Zoya Akhtar,"Farhan Akhtar, Konkona Sen Sharma, Rishi Kapoor, Dimple Kapadia, Isha Sharvani, Sanjay Kapoor, Juhi Chawla, Hrithik Roshan, Alyy Khan, Sheeba Chaddha",India,"December 15, 2019",2009,156 min
Finding ‘Ohana,Jude Weng,"Kea Peahu, Alex Aiono, Lindsay Watson, Owen Vaccaro, Kelly Hu, Branscombe Richmond, Ke Huy Quan, Brad Kalilimoku, Chris Parnell, Marc Evan Jackson, Ricky Garcia",United States,"January 29, 2021",2021,123 min
Playing Hard,Jean-Simon Chartier,,"Canada, United States","April 5, 2019",2018,92 min
Revenger,Lee Seung-won,"Bruce Khan, Park Hee-soon, Yoon Jin-seo, Kim In-kwon, Kim Na-yeon, Park Cheol-min, Jeon Soo-jin, Kim Jae-hyun, Choi Je-heon",South Korea,"January 15, 2019",2018,102 min
May the Devil Take You,Timo Tjahjanto,"Chelsea Islan, Pevita Pearce, Samo Rafael, Karina Suwandhi, Ray Sahetapy, Ruth Marini, Hadijah Shahab, Clara Bernadeth, Kinaryosih, Nicole Rossi",Indonesia,"November 15, 2018",2018,111 min
Mommy Issues,Jose Javier Reyes,"Pokwang, Sue Ramirez, Jerome Ponce, Ryan Bang, Gloria Diaz",,"June 30, 2021",2021,90 min
Yunus Emre,,"Gökhan Atalay, Payidar Tüfekçioglu, Baran Akbulut, Mehmet Çepiç, Seda Tosun, Mehmet Ali Tuncer, Asuman Çakır, Müge Uyar, Rüzgar Aksoy, Ergun Taş, Sedat Erdiş, Ahmet Talay, Umut Tanyolu, Murat Ercanlı, Birand Tunca, Atilla Kiliç, Saygin Asan, Emrah Girgin",Turkey,"January 17, 2017",2016,2 Seasons
Take My Brother Away,Han Qing,"Sun Qian, Joseph Zeng, Lv Xiao Yu, Hu Yong Tao, Wang Xu Dong, Ma Bai Quan",China,"August 24, 2018",2018,1 Season
Dad Stop Embarrassing Me!,,"Jamie Foxx, David Alan Grier, Kyla-Drew, Porscha Coleman, Jonathan Kite, Heather Hemmens, Valente Rodriguez",United States,"April 14, 2021",2021,1 Season
Leslie Jones: Time Machine,"David Benioff, D.B. Weiss",Leslie Jones,United States,"January 14, 2020",2020,66 min
Something in the Rain,,"Son Ye-jin, Jung Hae-in, Jang So-yeon",South Korea,"May 26, 2018",2018,1 Season
Toc Toc,Vicente Villanueva,"Paco León, Alexandra Jiménez, Rossy de Palma, Nuria Herrero, Adrián Lastra, Oscar Martínez, Inma Cuevas, Ana Rujas, Carolina Lapausa",Spain,"May 1, 2018",2017,96 min
EVANGELION: DEATH (TRUE)²,Hideaki Anno,"Megumi Ogata, Kotono Mitsuishi, Megumi Hayashibara, Yuko Miyamura, Yuriko Yamaguchi, Fumihiko Tachiki, Motomu Kiyokawa, Koichi Yamadera, Takehito Koyasu, Hiro Yuki, Miki Nagasawa, Mugihito, Akira Ishida",Japan,"June 21, 2019",1998,69 min
Gran Torino,Clint Eastwood,"Clint Eastwood, Bee Vang, Ahney Her, Christopher Carley, John Carroll Lynch, Brian Haley, Geraldine Hughes, Brian Howe, William Hill, Dreama Walker","Germany, United States","October 1, 2020",2008,117 min
Shaitan,Bejoy Nambiar,"Rajeev Khandelwal, Kalki Koechlin, Gulshan Devaiah, Shiv Pandit, Kirti Kulhari, Neil Bhoopalam, Nikhil Chinappa, Rajit Kapoor, Rajkummar Rao, Pavan Malhotra",India,"July 5, 2020",2011,126 min
Striptease,Andrew Bergman,"Demi Moore, Burt Reynolds, Armand Assante, Ving Rhames, Robert Patrick, Paul Guilfoyle, Jerry Grayson, Rumer Willis, Robert Stanton, William Hill",United States,"January 1, 2021",1996,117 min
Marauders,Steven C. Miller,"Bruce Willis, Christopher Meloni, Dave Bautista, Adrian Grenier, Johnathon Schaech, Lydia Hull, Tyler Jon Olson, Christopher Rob Bowen, Richie Chance","Canada, United States","December 1, 2020",2016,107 min
Spookley the Square Pumpkin,Bernie Denk,"Sonja Ball, Craig Francis, Rick Jones, Michel Perron, Holly Gauthier-Frankel, Norman Groulx, Terrence Scammell, Bruce Dinsmore, Jennifer Seguin",United States,"September 1, 2019",2004,47 min
Gun City,Dani de la Torre,"Luis Tosar, Michelle Jenner, Vicente Romero, Manolo Solo, Paco Tous, Adriana Torrebejano, Pep Tosar, Jaime Lorente, Ernesto Alterio, Fernando Cayo","Spain, France","October 31, 2018",2018,126 min
Power Rangers in Space,,"Tracy Lynn Cruz, Patricia Ja Lee, Christopher Khayman Lee, Justin Nimmo, Roger Velasco, Selwyn Ward, Melody Perkins, Paul Schrier, Jason Narvy, Mioko Fujiwara, Soichiro Hoshi, Yuji Kishimoto, Sanae Kobayashi, Tsuyoshi Takishita, Lex Lang","United States, France, Japan","January 1, 2016",1998,1 Season
Kung Fu Panda: Secrets of the Scroll,Rodolphe Guenoden,"Jack Black, Dustin Hoffman, Seth Rogen, David Cross, Lucy Liu, Tara Macri, James Hong, Randall Duk Kim",United States,"March 25, 2016",2016,23 min
Hush,Mike Flanagan,"John Gallagher Jr., Kate Siegel, Michael Trucco, Samantha Sloyan, Emma Graves",United States,"April 8, 2016",2016,82 min
Saudi Arabia Uncovered,,,United Kingdom,"September 1, 2016",2016,52 min
Herrens veje,,"Lars Mikkelsen, Ann Eleonora Jorgensen, Simon Sears, Morten Hee Andersen, Fanny Bernth, Joen Højerslev, Camilla Lau, Maj-Britt Mathiesen, Solbjørg Højfeldt, Johanne Dal-Lewkovitch",Denmark,"June 1, 2019",2018,2 Seasons
Mr. Peabody & Sherman,Rob Minkoff,"Ty Burrell, Max Charles, Ariel Winter, Stephen Colbert, Leslie Mann, Stanley Tucci, Allison Janney, Mel Brooks, Patrick Warburton, Stephen Tobolowsky, Lake Bell",United States,"August 11, 2020",2014,93 min
Not a Game,Jose Gomez,Brendon Mcdonnell,United Kingdom,"March 31, 2021",2020,98 min
NOVA: Eclipse Over America,Martin Gorst,,United States,"July 1, 2019",2017,53 min
The Haunting in Connecticut 2: Ghosts of Georgia,Tom Elkins,"Abigail Spencer, Chad Michael Murray, Katee Sackhoff, Emily Alyn Lind, Cicely Tyson, Andrea Frankle, Brad James, Lance E. Nichols",United States,"August 1, 2021",2013,101 min
The Irregular at Magic High School,,"Yuichi Nakamura, Saori Hayami, Yumi Uchiyama, Takuma Terashima, Satomi Sato, Atsushi Tamaru, Sora Amamiya, Yuiko Tatsumi, Marina Inoue, Ryohei Kimura, Junichi Suwabe, Kana Hanazawa, Mai Nakahara, Saki Ogasawara, Haruka Tomatsu, Tomokazu Sugita, Yoshitsugu Matsuoka, Ayumu Murase",Japan,"November 15, 2017",2014,1 Season
XXX: State of the Union,Lee Tamahori,"Ice Cube, Samuel L. Jackson, Willem Dafoe, Scott Speedman, Peter Strauss, Xzibit, Michael Roof, Sunny Mabrey, Nona Gaye, John Gleeson Connolly",United States,"January 1, 2019",2005,101 min
The Twilight Zone (Original Series),,Rod Serling,United States,"July 1, 2017",1963,4 Seasons
To the Lake,Pavel Kostomarov,"Viktoriya Isakova, Kirill Käro, Aleksandr Robak, Natalya Zemtsova, Maryana Spivak, Yuri Kuznetsov, Eldar Kalimulin, Viktoriya Agalakova, Alexander Yatsenko, Saveliy Kudryashov",Russia,"October 7, 2020",2020,1 Season
"Hi Bye, Mama!",,"Kim Tae-hee, Lee Kyoo-hyung, Go Bo-gyeol, Shin Dong-mi, Seo Woo-jin, Lee Si-woo, Oh Eui-sik, Ahn Nae-sang, Kim Mee-kyeong, Park Su-young, Kim Mi-su, Yoon Sa-bong",South Korea,"February 23, 2020",2020,1 Season
Lady Boss: The Jackie Collins Story,Laura Fairrie,Jackie Collins,United Kingdom,"August 5, 2021",2021,97 min
Untold: Crime & Penalties,"Chapman Way, Maclain Way",,,"August 31, 2021",2021,86 min
Shéhérazade,Jean-Bernard Marlin,"Dylan Robert, Kenza Fortas, Idir Azougli, Lisa Amedjout, Sofia Bent, Nabila Bounad, Kader Benchoudar, Nabila Ait Amer",France,"May 11, 2019",2019,111 min
ReMastered: Who Killed Jam Master Jay?,Brian Oakes,,,"December 7, 2018",2018,59 min
The Ridiculous 6,Frank Coraci,"Adam Sandler, Terry Crews, Jorge Garcia, Taylor Lautner, Rob Schneider, Luke Wilson, Will Forte, Steve Zahn, Harvey Keitel, Nick Nolte, Jon Lovitz, Whitney Cummings, David Spade, Danny Trejo, Nick Swardson, Blake Shelton, Vanilla Ice, Julia Jones, Saginaw Grant, Lavell Crawford, Steve Buscemi",United States,"December 11, 2015",2015,120 min
GRANBLUE FANTASY the Animation,,"Yuki Ono, Nao Toyama, Rie Kugimiya, Miyuki Sawashiro, Hiroaki Hirata, Yukari Tamura, Kazuhiro Yamaji, Rie Tanaka, Emiri Kato, Tomokazu Sugita, Kanae Ito",Japan,"July 15, 2019",2017,1 Season
The Late Bloomer,Kevin Pollak,"Johnny Simmons, Maria Bello, Brittany Snow, Kumail Nanjiani, Beck Bennett, Paul Wesley, Jane Lynch, J.K. Simmons, Lenora Crichlow",United States,"November 6, 2020",2016,95 min
Asura Guru,A. Raajdheep,"Vikram Prabhu, Subbaraju, Mahima Nambiar, Yogi Babu, Jagan",India,"June 13, 2020",2020,117 min
We Summon the Darkness,Marc Meyers,"Alexandra Daddario, Amy Forsyth, Keean Johnson, Maddie Hasson, Logan Miller, Austin Swift, Johnny Knoxville, Allison McAtee, Tanner Beard","United States, Canada, United Kingdom","August 8, 2020",2020,90 min
Green White Green (And All the Beautiful Colours in My Mosaic of Madness),Abba T. Makama,"Ifeanyi Dike Jr., Jamal Ibrahim, Samuel Robinson, Cristabel Goddy, Okey Uzoeshi, Bimbo Manuel, Meg Otanwa, Eric Didie, Donatus Ekwuazi, Omoye Uzamere",Nigeria,"January 1, 2018",2016,102 min
Chelsea,,,United States,"July 6, 2021",2017,2 Seasons
Ghanchakkar,Raj Kumar Gupta,"Emraan Hashmi, Vidya Balan, Rajesh Sharma, Namit Das, Parvin Dabas",India,"November 1, 2018",2013,129 min
Ezel,,"Kenan İmirzalıoğlu, Cansu Dere, Haluk Bilginer, Yiğit Özşener, Barış Falay, Burçin Terzioğlu, Bade İşçil, Sarp Akkaya, İpek Bilgin, Salih Kalyon, Tuncel Kurtiz, Sedef Avcı, Berrak Tüzünataç, İsmail Filiz",Turkey,"December 26, 2016",2009,1 Season
Keeping the Bees,Eylem Kaftan,"Meryem Uzerli, Feyyaz Duman, Hakan Karsak, Şennur Nogaylar, Burcu Salihoğlu",Turkey,"March 26, 2021",2020,93 min
26 Years,Geun-hyun Cho,"Goo Jin, Hye-jin Han, Soo-bin Bae, Seul-ong Im, Kyeong-yeong Lee, Gwang Jang, Deok-jae Jo, Eui-sung Kim, Seok-Hwan An, Bok-gi Min",South Korea,"October 1, 2017",2012,135 min
BEASTARS,,"Chikahiro Kobayashi, Sayaka Senbongi, Yuki Ono, Atsumi Tanezaki, Junya Enoki, Yuma Uchida, Takeo Otsuka, Naoto Kobayashi, Yoshiyuki Shimozuma, Nobuhiko Okamoto, Fukushi Ochiai, Takaaki Torashima, Sayumi Watabe, Genki Muro, Yuichi Iguchi, Yuko Hara, Ikuto Kanemasa, Ouchi Akane, Hibiku Yamamura, Sakura Ando, Akio Otsuka, Mitsuaki Hoshino, Kenyu Horiuchi",Japan,"July 15, 2021",2021,2 Seasons
Phullu,Abhishek Saxena,"Sharib Hashmi, Nutan Surya, Jyotii Sethi, Inaamulhaq, Trisha Kale, Namya Saxena, Shivam Pradhan, Kimti Anand, Paras Raj Gandhi",India,"December 31, 2019",2017,96 min
20 Minutes,,"Tuba Büyüküstün, Ilker Aksum, Bülent Emin Yarar, İpek Bilgin, Müjde Uzman, Firat Çelik, Ayten Uncuoglu, Cihat Tamer",Turkey,"August 15, 2017",2013,1 Season
Power Rangers Samurai: Party Monsters (Halloween Special),,"Alex Heartman, Erika Fong, Hector David Jr., Najee De-Tiege, Brittany Anne Pirtle, Steven Skyler, Rene Naufahu, Felix Ryan, Paul Schrier, Ricardo Medina Jr.",United States,"January 1, 2016",2011,24 min
Hot Girls Wanted: Turned On,"Jill Bauer, Ronna Gradus, Rashida Jones",,United States,"April 21, 2017",2017,1 Season
Zodiac,David Fincher,"Mark Ruffalo, Jake Gyllenhaal, Robert Downey Jr., Anthony Edwards, Brian Cox, Elias Koteas, Donal Logue, John Carroll Lynch, Dermot Mulroney, Chloë Sevigny",United States,"November 20, 2019",2007,158 min
Sin City,Pascal Amanfo,"Yvonne Nelson, Kunle Remi, Adjetey Anang, Oscar Provencal, Michelle McKinney Hammond, Rosaline Meurer, Kweku Elliot, Regina Van Helvert, Alhaji Fadika, Isaac Akwesi Awonor",,"August 5, 2020",2019,101 min
The Suit,Mohammad Adel,"Tamer Hosny, Akram Hosny, Amina Khalil, Dalal Abdelaziz, Maged El-Masri, Yasser Ali Maher, Salwa Mohammed, Mahmoud El-Bezzawy, Hassan Hosny, Taher Abu Lela, Ahmed Zaher",Egypt,"November 23, 2020",2018,97 min
Strong Girl Bong-soon,,"Park Bo-young, Park Hyung-sik, Ji Soo, Shim Hye-jin, Yu Jae-myeong, Jeon Seok-ho, Im Won-hee, Kim Won-hae",South Korea,"November 24, 2019",2017,1 Season
Judy Moody and the Not Bummer Summer,John Schultz,"Jordana Beatty, Heather Graham, Parris Mosteller, Preston Bailey, Kristoffer Ryan Winters, Garrett Ryan, Jaleel White, Ashley Boettcher, Taylar Hender, Cameron Boyce, Jenica Bergere, Janet Varney",United States,"August 8, 2019",2011,91 min
Masameer Classics,,"Malik Nejer, Abdulaziz Alshehri",Saudi Arabia,"December 9, 2020",2013,4 Seasons
Class Rank,Eric Stoltz,"Olivia Holt, Skyler Gisondo, Kristin Chenoweth, Bruce Dern, Nick Krause, Kathleen Chalfant, Peter Maloney, Rod McLachlan, Hawn Tran, Danni Wang",United States,"September 18, 2018",2018,103 min
Private Lives,,"Seohyun, Ko Kyung-pyo, Kim Hyo-jin, Kim Young-min, Tae Won-seok, Song Sun-mi, Park Seong-geun, Jang Jin-hee, Yoon Sa-bong, Lee Hak-ju, Song Sang-eun, Jang Won-hyeok, Yoo Hee-je, Min Zio, Kim Min-sang, Kim Ba-da, Cha Soo-yeon",South Korea,"October 8, 2020",2020,1 Season
Do Paise Ki Dhoop Chaar Aane Ki Baarish,Deepti Naval,"Manisha Koirala, Rajit Kapoor, Sanaj Naval, Rajendra Gupta, Suhaas Khandke, Nassar Abdulla, Saurabh Dubey, Usha Jadhav, Ashwin Kaushal, Milind Soman",India,"September 22, 2019",2009,121 min
Barney and Friends,,"Bob West, Julie Johnson, David Joyner, Jeff Ayers, Dean Wendt, Carey Stinson, Patty Wirtz, Emilio Mazur",,"May 1, 2021",2010,2 Seasons
Always a Witch,,"Angely Gaviria, Sebastián Eslava, Luis Fernando Hoyos, Verónica Orozco, Lenard Vanderaa, Sofía Araujo, Dylan Fuentes, Valeria Emiliani, Dubán Prado, Carlos Quintero",Colombia,"February 28, 2020",2019,2 Seasons
Tim Allen: ReWires America,,Tim Allen,United States,"December 31, 2018",1991,30 min
The Land of Cards,Qaushiq Mukherjee,"Joyraj Bhattacharya, Rii, Soumyak Kanti DeBiswas, Anubrata Basu, Tillotama Shome, Maya Tideman, Tinu Verghese, Immaduddin Shah, Sayani Gupta",India,"November 22, 2016",2012,113 min
Radiopetti,Hari Viswanath,"Lakshmanan, TVV Ramanujam, Shobana, Nivas Adithan, Indhumathi, Baby Maya, Master Rohan",India,"January 1, 2017",2015,83 min
Glitter Force,,"Laura Bailey, Kate Higgins, Alex Cazares, Colleen O'Shaughnessey, Danielle Nicole, Debi Derryberry, Mary Elizabeth McGlynn, Patrick Seitz, Keith Silverstein",Japan,"August 26, 2016",2016,2 Seasons
Trippin' with the Kandasamys,Jayan Moodley,"Jailoshini Naidoo, Maeshni Naicker, Madhushan Singh, Mishqah Parthiephal, Koobeshan Naidoo, Yugan Naidoo, Mariam Bassa, Uraysha Ramrachia",South Africa,"June 4, 2021",2021,94 min
Bhagam Bhag,Priyadarshan,"Akshay Kumar, Govinda, Lara Dutta, Paresh Rawal, Rajpal Yadav, Jackie Shroff, Arbaaz Khan, Tanushree Dutta, Asrani, Shakti Kapoor",India,"December 31, 2019",2006,151 min
Court Justice,,Chris Bourke,Australia,"October 2, 2019",2017,1 Season
Love Around,,"George Hu, Annie Chen, Mandy Tao, Jack Lee, Tan Ai-Chen, Jian Chang, Wang Chuan",Taiwan,"November 1, 2016",2013,1 Season
Sebastián Marcelo Wainraich,"Raúl Campos, Jan Suter",Sebastián Marcelo Wainraich,Argentina,"January 26, 2018",2018,49 min
The Mistress,Olivia M. Lamasan,"John Lloyd Cruz, Bea Alonzo, Hilda Koronel, Ronaldo Valdez, Anita Linda, Carmi Martin",Philippines,"February 27, 2019",2012,132 min
Korean Cold Noodle Rhapsody,,Paik Jong-won,,"August 20, 2021",2021,1 Season
Look for a Star,Andrew Lau Wai-Keung,"Andy Lau, Qi Shu, Zhang Hanyu, Denise Ho, Dominic Lam, Xinyi Zhang, David Chiang, George Lam, Rebecca Pan, Maria Cordero, Tat-Ming Cheung",Hong Kong,"December 1, 2018",2009,117 min
40 Sticks,Victor Gatonye,"Robert Agengo, Mwaura Bilal, Andreo Kamau, Cajetan Boy, Arabron Nyyeneque, Shiviske Shivisi, Xavier Ywaya",Kenya,"November 20, 2020",2019,93 min
